orbit_number,date_start,date_end
83,2000-05-15 00:00:00,2000-05-15 07:09:00
84,2000-05-15 07:11:00,2000-05-15 21:23:00
85,2000-05-15 21:25:00,2000-05-16 11:36:00
86,2000-05-16 11:38:00,2000-05-16 18:55:00
89,2000-05-18 09:45:00,2000-05-18 17:17:00
90,2000-05-18 21:19:00,2000-05-19 07:03:00
91,2000-05-19 11:44:00,2000-05-19 21:10:00
92,2000-05-20 01:43:00,2000-05-20 12:13:00
93,2000-05-20 16:12:00,2000-05-21 01:16:00
94,2000-05-21 06:15:00,2000-05-21 16:34:00
95,2000-05-21 21:19:00,2000-05-22 06:12:00
96,2000-05-22 10:53:00,2000-05-22 20:32:00
97,2000-05-23 00:51:00,2000-05-23 11:26:00
98,2000-05-23 15:21:00,2000-05-24 00:32:00
99,2000-05-24 05:22:00,2000-05-24 15:51:00
100,2000-05-24 19:40:00,2000-05-25 05:02:00
101,2000-05-25 10:05:00,2000-05-25 19:32:00
102,2000-05-26 00:00:00,2000-05-26 10:31:00
103,2000-05-26 17:13:00,2000-05-27 03:49:00
104,2000-05-27 03:51:00,2000-05-27 18:02:00
105,2000-05-27 18:04:00,2000-05-28 04:01:00
106,2000-05-28 09:09:00,2000-05-28 19:03:00
107,2000-05-28 23:14:00,2000-05-29 09:32:00
108,2000-05-29 13:42:00,2000-05-29 22:52:00
109,2000-05-30 03:42:00,2000-05-30 14:18:00
110,2000-05-30 18:05:00,2000-05-31 03:22:00
111,2000-05-31 08:19:00,2000-05-31 18:11:00
112,2000-05-31 22:25:00,2000-06-01 08:43:00
113,2000-06-01 12:54:00,2000-06-01 22:02:00
114,2000-06-02 02:50:00,2000-06-02 13:32:00
115,2000-06-02 17:16:00,2000-06-03 06:28:00
116,2000-06-03 07:25:00,2000-06-03 16:35:00
120,2000-06-05 18:04:00,2000-06-06 05:38:00
121,2000-06-06 06:36:00,2000-06-06 19:52:00
122,2000-06-06 20:45:00,2000-06-07 00:00:00
125,2000-06-09 00:00:00,2000-06-09 04:48:00
126,2000-06-09 05:44:00,2000-06-09 19:02:00
127,2000-06-09 19:55:00,2000-06-10 00:00:00
132,2000-06-13 00:58:00,2000-06-13 02:56:00
133,2000-06-13 09:30:00,2000-06-13 18:04:00
134,2000-06-14 00:12:00,2000-06-14 09:02:00
135,2000-06-14 13:59:00,2000-06-14 20:04:00
136,2000-06-15 04:03:00,2000-06-15 13:40:00
137,2000-06-15 18:20:00,2000-06-16 00:01:00
143,2000-06-19 10:38:00,2000-06-19 17:22:00
144,2000-06-19 21:48:00,2000-06-20 07:58:00
145,2000-06-20 12:18:00,2000-06-20 21:07:00
146,2000-06-21 02:17:00,2000-06-21 12:42:00
147,2000-06-21 16:40:00,2000-06-22 01:31:00
148,2000-06-22 06:57:00,2000-06-22 14:25:00
149,2000-06-22 21:45:00,2000-06-23 06:58:00
150,2000-06-23 11:31:00,2000-06-23 20:22:00
151,2000-06-24 01:28:00,2000-06-24 11:51:00
152,2000-06-24 15:55:00,2000-06-25 00:38:00
153,2000-06-25 06:06:00,2000-06-25 15:54:00
154,2000-06-25 20:13:00,2000-06-26 09:38:00
155,2000-06-26 10:38:00,2000-06-26 23:44:00
156,2000-06-27 00:35:00,2000-06-27 14:03:00
157,2000-06-27 15:02:00,2000-06-28 04:14:00
158,2000-06-28 05:13:00,2000-06-28 18:31:00
159,2000-06-28 19:19:00,2000-06-29 08:44:00
160,2000-06-29 09:49:00,2000-06-29 22:57:00
161,2000-06-29 23:43:00,2000-06-30 13:14:00
162,2000-06-30 14:15:00,2000-06-30 22:58:00
163,2000-07-01 04:22:00,2000-07-01 14:24:00
164,2000-07-01 18:34:00,2000-07-02 04:03:00
165,2000-07-02 09:00:00,2000-07-02 18:11:00
166,2000-07-02 22:56:00,2000-07-03 12:23:00
167,2000-07-03 13:24:00,2000-07-04 02:32:00
168,2000-07-04 03:28:00,2000-07-04 16:49:00
169,2000-07-04 17:43:00,2000-07-05 07:04:00
170,2000-07-05 08:07:00,2000-07-05 21:17:00
171,2000-07-05 22:03:00,2000-07-06 11:34:00
172,2000-07-06 11:36:00,2000-07-07 01:45:00
173,2000-07-07 02:35:00,2000-07-07 16:00:00
174,2000-07-07 16:54:00,2000-07-08 02:08:00
175,2000-07-08 07:18:00,2000-07-08 16:46:00
176,2000-07-08 21:16:00,2000-07-09 07:35:00
177,2000-07-09 11:48:00,2000-07-09 20:37:00
178,2000-07-10 01:48:00,2000-07-10 15:09:00
179,2000-07-10 16:05:00,2000-07-11 05:22:00
180,2000-07-11 06:24:00,2000-07-11 19:35:00
181,2000-07-11 20:25:00,2000-07-12 00:04:00
182,2000-07-13 00:00:00,2000-07-13 00:02:00
183,2000-07-13 00:55:00,2000-07-13 14:19:00
184,2000-07-13 15:18:00,2000-07-14 04:32:00
185,2000-07-14 05:31:00,2000-07-14 18:47:00
186,2000-07-14 19:36:00,2000-07-15 05:45:00
187,2000-07-15 10:07:00,2000-07-15 19:07:00
188,2000-07-16 00:04:00,2000-07-16 10:34:00
189,2000-07-16 14:31:00,2000-07-16 23:25:00
190,2000-07-17 04:42:00,2000-07-17 17:51:00
191,2000-07-17 18:47:00,2000-07-18 08:08:00
192,2000-07-18 09:16:00,2000-07-18 22:19:00
193,2000-07-18 23:13:00,2000-07-19 12:36:00
194,2000-07-19 13:40:00,2000-07-20 02:50:00
195,2000-07-20 03:51:00,2000-07-20 17:03:00
196,2000-07-20 17:58:00,2000-07-21 07:20:00
197,2000-07-21 08:25:00,2000-07-21 21:31:00
198,2000-07-21 22:22:00,2000-07-22 08:55:00
199,2000-07-22 12:53:00,2000-07-22 21:44:00
200,2000-07-23 03:00:00,2000-07-23 13:09:00
201,2000-07-23 17:13:00,2000-07-24 06:29:00
202,2000-07-24 07:36:00,2000-07-24 20:38:00
203,2000-07-24 21:33:00,2000-07-25 10:57:00
204,2000-07-25 12:02:00,2000-07-26 01:06:00
205,2000-07-26 02:07:00,2000-07-26 15:27:00
206,2000-07-26 16:19:00,2000-07-27 05:40:00
207,2000-07-27 06:45:00,2000-07-27 19:53:00
208,2000-07-27 20:41:00,2000-07-28 10:09:00
209,2000-07-28 11:14:00,2000-07-28 20:10:00
210,2000-07-29 01:15:00,2000-07-29 11:38:00
211,2000-07-29 15:34:00,2000-07-30 00:58:00
212,2000-07-30 05:55:00,2000-07-30 15:29:00
213,2000-07-30 19:54:00,2000-07-31 09:18:00
214,2000-07-31 09:20:00,2000-07-31 12:19:00
215,2000-08-01 02:45:00,2000-08-01 13:46:00
216,2000-08-01 14:45:00,2000-08-02 04:01:00
217,2000-08-02 05:02:00,2000-08-02 18:14:00
218,2000-08-02 19:02:00,2000-08-03 08:29:00
219,2000-08-03 08:31:00,2000-08-03 22:41:00
220,2000-08-03 23:30:00,2000-08-04 12:56:00
221,2000-08-04 13:55:00,2000-08-05 03:11:00
222,2000-08-05 04:10:00,2000-08-05 17:22:00
223,2000-08-05 18:13:00,2000-08-06 07:39:00
224,2000-08-06 07:41:00,2000-08-06 21:46:00
225,2000-08-06 22:40:00,2000-08-07 12:07:00
226,2000-08-07 13:06:00,2000-08-08 02:19:00
227,2000-08-08 03:18:00,2000-08-08 16:32:00
228,2000-08-08 17:25:00,2000-08-09 06:49:00
229,2000-08-09 06:51:00,2000-08-09 20:58:00
230,2000-08-09 21:51:00,2000-08-10 11:17:00
231,2000-08-10 12:18:00,2000-08-11 01:30:00
232,2000-08-11 02:26:00,2000-08-11 15:42:00
233,2000-08-11 16:35:00,2000-08-12 05:59:00
234,2000-08-12 07:04:00,2000-08-12 20:06:00
235,2000-08-12 20:59:00,2000-08-13 10:27:00
236,2000-08-13 11:30:00,2000-08-14 00:40:00
237,2000-08-14 01:37:00,2000-08-14 14:52:00
238,2000-08-14 15:45:00,2000-08-15 05:07:00
239,2000-08-15 05:09:00,2000-08-15 19:18:00
240,2000-08-15 20:09:00,2000-08-16 09:35:00
241,2000-08-16 09:37:00,2000-08-16 23:47:00
242,2000-08-17 00:44:00,2000-08-17 14:02:00
243,2000-08-17 14:57:00,2000-08-18 04:17:00
244,2000-08-18 04:19:00,2000-08-18 18:28:00
245,2000-08-18 19:19:00,2000-08-19 08:44:00
246,2000-08-19 08:46:00,2000-08-19 22:57:00
247,2000-08-19 23:52:00,2000-08-20 13:12:00
248,2000-08-20 14:11:00,2000-08-21 03:27:00
249,2000-08-21 04:32:00,2000-08-21 17:39:00
250,2000-08-21 18:28:00,2000-08-22 07:54:00
251,2000-08-22 07:56:00,2000-08-22 22:07:00
252,2000-08-22 23:00:00,2000-08-23 12:23:00
253,2000-08-23 13:22:00,2000-08-24 02:36:00
254,2000-08-24 03:39:00,2000-08-24 16:47:00
255,2000-08-24 17:40:00,2000-08-25 07:05:00
256,2000-08-25 07:07:00,2000-08-25 21:14:00
257,2000-08-25 22:09:00,2000-08-26 11:33:00
258,2000-08-26 12:34:00,2000-08-27 01:45:00
259,2000-08-27 02:48:00,2000-08-27 15:58:00
260,2000-08-27 16:51:00,2000-08-28 06:15:00
261,2000-08-28 06:17:00,2000-08-28 20:27:00
262,2000-08-28 20:29:00,2000-08-29 10:40:00
263,2000-08-29 10:42:00,2000-08-30 00:54:00
264,2000-08-30 00:56:00,2000-08-30 15:09:00
265,2000-08-30 15:11:00,2000-08-31 05:22:00
266,2000-08-31 05:24:00,2000-08-31 19:36:00
267,2000-08-31 19:38:00,2000-09-01 09:51:00
268,2000-09-01 09:53:00,2000-09-02 00:05:00
269,2000-09-02 00:07:00,2000-09-02 14:18:00
270,2000-09-02 14:20:00,2000-09-03 04:32:00
271,2000-09-03 04:34:00,2000-09-03 18:47:00
272,2000-09-03 18:49:00,2000-09-04 09:01:00
273,2000-09-04 09:03:00,2000-09-04 23:14:00
274,2000-09-04 23:16:00,2000-09-05 13:28:00
275,2000-09-05 13:30:00,2000-09-06 03:43:00
276,2000-09-06 03:45:00,2000-09-06 17:57:00
277,2000-09-06 17:59:00,2000-09-07 08:10:00
278,2000-09-07 08:12:00,2000-09-07 22:24:00
279,2000-09-07 22:26:00,2000-09-08 12:38:00
280,2000-09-08 12:40:00,2000-09-09 02:53:00
281,2000-09-09 02:55:00,2000-09-09 17:07:00
282,2000-09-09 17:09:00,2000-09-10 07:20:00
283,2000-09-10 07:22:00,2000-09-10 21:34:00
284,2000-09-10 21:36:00,2000-09-11 11:48:00
285,2000-09-11 11:50:00,2000-09-12 02:03:00
286,2000-09-12 02:05:00,2000-09-12 16:17:00
287,2000-09-12 17:06:00,2000-09-13 06:29:00
288,2000-09-13 06:31:00,2000-09-13 20:42:00
289,2000-09-13 20:44:00,2000-09-14 10:56:00
290,2000-09-14 10:58:00,2000-09-15 01:10:00
291,2000-09-15 01:12:00,2000-09-15 15:25:00
292,2000-09-15 15:27:00,2000-09-16 05:39:00
293,2000-09-16 05:41:00,2000-09-16 19:53:00
294,2000-09-16 19:55:00,2000-09-17 10:07:00
295,2000-09-17 10:09:00,2000-09-18 00:21:00
296,2000-09-18 00:23:00,2000-09-18 14:34:00
297,2000-09-18 14:36:00,2000-09-19 04:48:00
298,2000-09-19 04:50:00,2000-09-19 19:02:00
299,2000-09-19 19:04:00,2000-09-20 09:16:00
300,2000-09-20 09:18:00,2000-09-20 23:30:00
301,2000-09-20 23:32:00,2000-09-21 13:44:00
302,2000-09-21 13:46:00,2000-09-22 03:58:00
303,2000-09-22 04:00:00,2000-09-22 18:12:00
304,2000-09-22 18:14:00,2000-09-23 08:27:00
305,2000-09-23 08:29:00,2000-09-23 22:41:00
306,2000-09-23 22:43:00,2000-09-24 12:55:00
307,2000-09-24 12:57:00,2000-09-25 03:09:00
308,2000-09-25 03:11:00,2000-09-25 17:23:00
309,2000-09-25 17:25:00,2000-09-26 07:37:00
310,2000-09-26 07:39:00,2000-09-26 21:51:00
311,2000-09-26 21:53:00,2000-09-27 12:03:00
312,2000-09-27 12:05:00,2000-09-28 02:16:00
313,2000-09-28 02:18:00,2000-09-28 16:30:00
314,2000-09-28 16:32:00,2000-09-29 06:44:00
315,2000-09-29 06:46:00,2000-09-29 20:58:00
316,2000-09-29 21:00:00,2000-09-30 11:13:00
317,2000-09-30 11:15:00,2000-10-01 01:27:00
318,2000-10-01 01:29:00,2000-10-01 15:41:00
319,2000-10-01 15:43:00,2000-10-02 05:55:00
320,2000-10-02 05:57:00,2000-10-02 20:08:00
321,2000-10-02 20:10:00,2000-10-03 10:22:00
322,2000-10-03 10:24:00,2000-10-04 00:36:00
323,2000-10-04 00:38:00,2000-10-04 14:50:00
324,2000-10-04 14:52:00,2000-10-05 05:05:00
325,2000-10-05 05:07:00,2000-10-05 19:19:00
326,2000-10-05 19:21:00,2000-10-06 09:33:00
327,2000-10-06 09:35:00,2000-10-06 23:46:00
328,2000-10-06 23:48:00,2000-10-07 14:00:00
329,2000-10-07 14:02:00,2000-10-08 04:14:00
330,2000-10-08 04:16:00,2000-10-08 18:29:00
331,2000-10-08 19:24:00,2000-10-09 08:43:00
332,2000-10-09 08:45:00,2000-10-09 22:57:00
333,2000-10-09 22:59:00,2000-10-10 13:11:00
334,2000-10-10 13:57:00,2000-10-11 03:24:00
335,2000-10-11 03:26:00,2000-10-11 17:38:00
336,2000-10-11 17:40:00,2000-10-12 07:52:00
337,2000-10-12 07:54:00,2000-10-12 22:06:00
338,2000-10-12 22:08:00,2000-10-13 12:18:00
339,2000-10-13 12:20:00,2000-10-14 02:33:00
340,2000-10-14 02:35:00,2000-10-14 16:47:00
341,2000-10-14 16:49:00,2000-10-15 07:01:00
342,2000-10-15 07:03:00,2000-10-15 21:15:00
343,2000-10-15 21:17:00,2000-10-16 11:29:00
344,2000-10-16 11:31:00,2000-10-17 01:43:00
345,2000-10-17 01:45:00,2000-10-17 15:57:00
346,2000-10-17 15:59:00,2000-10-18 06:11:00
347,2000-10-18 06:13:00,2000-10-18 20:25:00
348,2000-10-18 20:27:00,2000-10-19 10:39:00
349,2000-10-19 10:41:00,2000-10-20 00:53:00
350,2000-10-20 00:55:00,2000-10-20 15:07:00
351,2000-10-20 15:54:00,2000-10-21 05:21:00
352,2000-10-21 05:23:00,2000-10-21 19:35:00
353,2000-10-21 20:32:00,2000-10-22 09:49:00
354,2000-10-22 10:46:00,2000-10-23 00:02:00
355,2000-10-23 00:04:00,2000-10-23 14:16:00
356,2000-10-23 14:18:00,2000-10-24 04:30:00
357,2000-10-24 04:32:00,2000-10-24 18:45:00
358,2000-10-24 18:47:00,2000-10-25 08:59:00
359,2000-10-25 09:01:00,2000-10-25 23:12:00
360,2000-10-25 23:14:00,2000-10-26 13:26:00
361,2000-10-26 13:28:00,2000-10-27 03:41:00
362,2000-10-27 03:43:00,2000-10-27 17:55:00
363,2000-10-27 18:48:00,2000-10-28 08:08:00
364,2000-10-28 08:10:00,2000-10-28 22:22:00
365,2000-10-28 22:24:00,2000-10-29 12:35:00
366,2000-10-29 12:37:00,2000-10-30 02:48:00
367,2000-10-30 02:50:00,2000-10-30 17:02:00
368,2000-10-30 17:04:00,2000-10-31 07:17:00
369,2000-10-31 07:19:00,2000-10-31 21:30:00
370,2000-10-31 21:32:00,2000-11-01 11:44:00
371,2000-11-01 11:46:00,2000-11-02 01:59:00
372,2000-11-02 02:01:00,2000-11-02 16:12:00
373,2000-11-02 16:14:00,2000-11-03 06:26:00
374,2000-11-03 06:28:00,2000-11-03 20:41:00
375,2000-11-03 20:43:00,2000-11-04 10:54:00
376,2000-11-04 10:56:00,2000-11-05 01:09:00
377,2000-11-05 01:11:00,2000-11-05 15:23:00
378,2000-11-05 15:25:00,2000-11-06 05:36:00
379,2000-11-06 05:38:00,2000-11-06 19:51:00
380,2000-11-06 19:53:00,2000-11-07 10:04:00
381,2000-11-07 10:06:00,2000-11-08 00:19:00
382,2000-11-08 00:21:00,2000-11-08 14:32:00
383,2000-11-08 14:34:00,2000-11-09 04:47:00
384,2000-11-09 04:49:00,2000-11-09 19:00:00
385,2000-11-09 19:02:00,2000-11-10 09:14:00
386,2000-11-10 09:16:00,2000-11-10 23:29:00
387,2000-11-10 23:31:00,2000-11-11 13:42:00
388,2000-11-11 13:44:00,2000-11-12 03:57:00
389,2000-11-12 03:59:00,2000-11-12 18:10:00
390,2000-11-12 18:12:00,2000-11-13 08:25:00
391,2000-11-13 08:27:00,2000-11-13 22:38:00
392,2000-11-13 22:40:00,2000-11-14 12:51:00
393,2000-11-14 12:53:00,2000-11-15 03:05:00
394,2000-11-15 03:07:00,2000-11-15 17:18:00
395,2000-11-15 17:20:00,2000-11-16 07:33:00
396,2000-11-16 07:35:00,2000-11-16 18:14:00
400,2000-11-19 06:36:00,2000-11-19 06:42:00
401,2000-11-19 06:44:00,2000-11-19 20:56:00
402,2000-11-19 20:58:00,2000-11-20 11:11:00
403,2000-11-20 11:13:00,2000-11-21 01:24:00
404,2000-11-21 01:26:00,2000-11-21 15:39:00
405,2000-11-21 15:41:00,2000-11-22 05:53:00
406,2000-11-22 05:55:00,2000-11-22 20:06:00
407,2000-11-22 20:08:00,2000-11-23 10:21:00
408,2000-11-23 10:23:00,2000-11-24 00:34:00
409,2000-11-24 00:36:00,2000-11-24 14:48:00
410,2000-11-24 14:50:00,2000-11-25 05:03:00
411,2000-11-25 05:05:00,2000-11-25 19:16:00
412,2000-11-25 19:18:00,2000-11-26 09:30:00
413,2000-11-26 09:32:00,2000-11-26 23:45:00
414,2000-11-26 23:47:00,2000-11-27 13:58:00
415,2000-11-27 14:00:00,2000-11-28 04:12:00
416,2000-11-28 04:14:00,2000-11-28 18:27:00
417,2000-11-28 18:29:00,2000-11-29 08:41:00
418,2000-11-29 08:43:00,2000-11-29 22:52:00
419,2000-11-29 22:54:00,2000-11-30 13:07:00
420,2000-11-30 13:09:00,2000-12-01 03:21:00
421,2000-12-01 03:23:00,2000-12-01 17:34:00
422,2000-12-01 17:36:00,2000-12-02 07:48:00
423,2000-12-02 07:50:00,2000-12-02 22:03:00
424,2000-12-02 22:05:00,2000-12-03 12:17:00
425,2000-12-03 12:19:00,2000-12-04 02:30:00
426,2000-12-04 02:32:00,2000-12-04 16:44:00
427,2000-12-04 16:46:00,2000-12-05 06:59:00
428,2000-12-05 07:01:00,2000-12-05 21:13:00
429,2000-12-05 21:15:00,2000-12-06 11:26:00
430,2000-12-06 11:28:00,2000-12-07 01:40:00
431,2000-12-07 01:42:00,2000-12-07 15:54:00
432,2000-12-07 15:56:00,2000-12-08 06:09:00
433,2000-12-08 06:11:00,2000-12-08 20:23:00
434,2000-12-08 20:25:00,2000-12-09 10:36:00
435,2000-12-09 10:38:00,2000-12-10 00:50:00
436,2000-12-10 00:52:00,2000-12-10 15:04:00
437,2000-12-10 15:06:00,2000-12-11 05:19:00
438,2000-12-11 05:21:00,2000-12-11 19:33:00
439,2000-12-11 19:35:00,2000-12-12 09:47:00
440,2000-12-12 09:49:00,2000-12-13 00:00:00
441,2000-12-13 00:02:00,2000-12-13 04:07:00
445,2000-12-15 14:32:00,2000-12-15 23:09:00
446,2000-12-15 23:11:00,2000-12-16 13:22:00
447,2000-12-16 13:24:00,2000-12-17 03:36:00
448,2000-12-17 03:38:00,2000-12-17 17:50:00
449,2000-12-17 17:52:00,2000-12-18 08:04:00
450,2000-12-18 08:06:00,2000-12-18 22:19:00
451,2000-12-18 22:21:00,2000-12-19 12:33:00
452,2000-12-19 12:35:00,2000-12-20 02:47:00
453,2000-12-20 02:49:00,2000-12-20 17:01:00
454,2000-12-20 17:03:00,2000-12-21 07:14:00
455,2000-12-21 07:16:00,2000-12-21 21:28:00
456,2000-12-21 21:30:00,2000-12-22 11:42:00
457,2000-12-22 11:44:00,2000-12-23 01:56:00
458,2000-12-23 01:58:00,2000-12-23 16:10:00
459,2000-12-23 16:12:00,2000-12-24 06:24:00
460,2000-12-24 06:26:00,2000-12-24 20:39:00
461,2000-12-24 20:41:00,2000-12-25 10:53:00
462,2000-12-25 10:55:00,2000-12-26 01:07:00
463,2000-12-26 01:09:00,2000-12-26 15:21:00
464,2000-12-26 15:23:00,2000-12-27 05:35:00
465,2000-12-27 05:37:00,2000-12-27 19:49:00
466,2000-12-27 19:51:00,2000-12-28 10:02:00
467,2000-12-28 10:04:00,2000-12-29 00:16:00
468,2000-12-29 00:18:00,2000-12-29 14:28:00
469,2000-12-29 14:30:00,2000-12-30 04:42:00
470,2000-12-30 04:44:00,2000-12-30 18:56:00
471,2000-12-30 18:58:00,2000-12-31 09:10:00
472,2000-12-31 09:12:00,2000-12-31 23:24:00
473,2000-12-31 23:26:00,2001-01-01 13:38:00
474,2001-01-01 13:40:00,2001-01-02 03:52:00
475,2001-01-02 03:54:00,2001-01-02 18:06:00
476,2001-01-02 18:08:00,2001-01-03 08:20:00
477,2001-01-03 08:22:00,2001-01-03 22:35:00
478,2001-01-03 22:37:00,2001-01-04 12:49:00
479,2001-01-04 12:51:00,2001-01-05 03:03:00
480,2001-01-05 03:05:00,2001-01-05 17:17:00
481,2001-01-05 17:19:00,2001-01-06 07:31:00
482,2001-01-06 07:33:00,2001-01-06 21:45:00
483,2001-01-06 21:47:00,2001-01-07 11:59:00
484,2001-01-07 12:01:00,2001-01-08 02:13:00
485,2001-01-08 02:15:00,2001-01-08 16:27:00
486,2001-01-08 16:29:00,2001-01-09 06:41:00
487,2001-01-09 06:43:00,2001-01-09 20:55:00
488,2001-01-09 20:57:00,2001-01-10 11:09:00
489,2001-01-10 11:11:00,2001-01-11 01:23:00
490,2001-01-11 01:25:00,2001-01-11 07:08:00
491,2001-01-12 00:37:00,2001-01-12 05:49:00
492,2001-01-12 05:51:00,2001-01-12 20:03:00
493,2001-01-12 20:05:00,2001-01-13 10:17:00
494,2001-01-13 10:19:00,2001-01-14 00:31:00
495,2001-01-14 00:33:00,2001-01-14 14:45:00
496,2001-01-14 14:47:00,2001-01-15 04:59:00
497,2001-01-15 05:01:00,2001-01-15 19:13:00
498,2001-01-15 19:15:00,2001-01-16 09:27:00
499,2001-01-16 09:29:00,2001-01-16 23:41:00
500,2001-01-16 23:43:00,2001-01-17 13:55:00
501,2001-01-17 13:57:00,2001-01-18 04:09:00
502,2001-01-18 04:11:00,2001-01-18 18:23:00
503,2001-01-18 18:25:00,2001-01-19 08:37:00
504,2001-01-19 08:39:00,2001-01-19 22:51:00
505,2001-01-19 22:53:00,2001-01-20 13:05:00
506,2001-01-20 13:07:00,2001-01-21 03:19:00
507,2001-01-21 03:21:00,2001-01-21 17:33:00
508,2001-01-21 17:35:00,2001-01-22 07:47:00
509,2001-01-22 07:49:00,2001-01-22 22:01:00
510,2001-01-22 22:03:00,2001-01-23 12:15:00
511,2001-01-23 12:17:00,2001-01-24 02:29:00
512,2001-01-24 02:31:00,2001-01-24 16:43:00
513,2001-01-24 16:45:00,2001-01-25 06:57:00
514,2001-01-25 06:59:00,2001-01-25 21:09:00
515,2001-01-25 21:11:00,2001-01-26 11:23:00
516,2001-01-26 11:25:00,2001-01-27 01:37:00
517,2001-01-27 01:39:00,2001-01-27 15:51:00
518,2001-01-27 15:53:00,2001-01-28 06:05:00
519,2001-01-28 06:07:00,2001-01-28 20:19:00
520,2001-01-28 20:21:00,2001-01-29 10:33:00
521,2001-01-29 10:35:00,2001-01-30 00:47:00
522,2001-01-30 00:49:00,2001-01-30 15:00:00
523,2001-01-30 15:02:00,2001-01-31 05:14:00
524,2001-01-31 05:16:00,2001-01-31 19:28:00
525,2001-01-31 19:30:00,2001-02-01 09:42:00
526,2001-02-01 09:44:00,2001-02-01 23:56:00
527,2001-02-01 23:58:00,2001-02-02 14:10:00
528,2001-02-02 14:12:00,2001-02-03 04:24:00
529,2001-02-03 04:26:00,2001-02-03 18:38:00
530,2001-02-03 18:40:00,2001-02-04 08:52:00
531,2001-02-04 08:54:00,2001-02-04 23:06:00
532,2001-02-04 23:08:00,2001-02-05 13:20:00
533,2001-02-05 13:22:00,2001-02-06 03:35:00
534,2001-02-06 03:37:00,2001-02-06 17:49:00
535,2001-02-06 17:51:00,2001-02-07 08:03:00
536,2001-02-07 08:05:00,2001-02-07 22:15:00
537,2001-02-07 22:17:00,2001-02-08 12:29:00
538,2001-02-08 12:31:00,2001-02-09 02:43:00
539,2001-02-09 02:45:00,2001-02-09 16:57:00
540,2001-02-09 16:59:00,2001-02-10 07:10:00
541,2001-02-10 07:12:00,2001-02-10 21:24:00
542,2001-02-10 21:26:00,2001-02-11 11:38:00
543,2001-02-11 11:40:00,2001-02-12 01:52:00
544,2001-02-12 01:54:00,2001-02-12 16:06:00
545,2001-02-12 16:08:00,2001-02-13 06:19:00
546,2001-02-13 06:22:00,2001-02-13 20:35:00
547,2001-02-13 20:37:00,2001-02-14 10:49:00
548,2001-02-14 10:51:00,2001-02-15 01:03:00
549,2001-02-15 01:05:00,2001-02-15 15:17:00
550,2001-02-15 15:19:00,2001-02-16 05:30:00
551,2001-02-16 05:32:00,2001-02-16 19:44:00
552,2001-02-16 19:46:00,2001-02-17 09:58:00
553,2001-02-17 10:00:00,2001-02-18 00:12:00
554,2001-02-18 00:14:00,2001-02-18 14:27:00
555,2001-02-18 14:31:00,2001-02-19 04:41:00
556,2001-02-19 04:43:00,2001-02-19 18:55:00
557,2001-02-19 18:57:00,2001-02-20 09:08:00
558,2001-02-20 09:10:00,2001-02-20 23:20:00
559,2001-02-20 23:22:00,2001-02-21 13:34:00
560,2001-02-21 13:36:00,2001-02-22 03:49:00
561,2001-02-22 03:51:00,2001-02-22 18:03:00
562,2001-02-22 18:05:00,2001-02-23 08:17:00
563,2001-02-23 08:19:00,2001-02-23 22:30:00
564,2001-02-23 22:32:00,2001-02-24 12:44:00
565,2001-02-24 12:46:00,2001-02-25 02:57:00
566,2001-02-25 03:00:00,2001-02-25 17:13:00
567,2001-02-25 17:15:00,2001-02-26 07:27:00
568,2001-02-26 07:29:00,2001-02-26 21:40:00
569,2001-02-26 21:42:00,2001-02-27 11:54:00
570,2001-02-27 11:56:00,2001-02-28 02:09:00
571,2001-02-28 02:11:00,2001-02-28 16:23:00
572,2001-02-28 16:25:00,2001-03-01 06:36:00
573,2001-03-01 06:38:00,2001-03-01 20:50:00
574,2001-03-01 20:52:00,2001-03-02 11:05:00
575,2001-03-02 11:07:00,2001-03-03 01:19:00
576,2001-03-03 01:21:00,2001-03-03 15:32:00
577,2001-03-03 15:34:00,2001-03-04 05:46:00
578,2001-03-04 05:48:00,2001-03-04 20:01:00
579,2001-03-04 20:03:00,2001-03-05 10:14:00
580,2001-03-05 11:31:00,2001-03-06 00:28:00
581,2001-03-06 00:30:00,2001-03-06 14:41:00
582,2001-03-06 14:43:00,2001-03-07 04:54:00
583,2001-03-07 04:56:00,2001-03-07 19:09:00
584,2001-03-07 19:11:00,2001-03-08 09:23:00
585,2001-03-08 09:25:00,2001-03-08 16:41:00
586,2001-03-09 06:42:00,2001-03-09 13:51:00
587,2001-03-09 13:53:00,2001-03-10 04:04:00
588,2001-03-10 04:06:00,2001-03-10 18:18:00
589,2001-03-10 18:20:00,2001-03-11 08:33:00
590,2001-03-11 08:35:00,2001-03-11 22:46:00
591,2001-03-11 22:48:00,2001-03-12 13:01:00
592,2001-03-12 13:03:00,2001-03-13 03:14:00
593,2001-03-13 03:16:00,2001-03-13 17:29:00
594,2001-03-13 17:31:00,2001-03-14 07:42:00
595,2001-03-14 08:57:00,2001-03-14 21:57:00
596,2001-03-14 21:59:00,2001-03-15 12:11:00
597,2001-03-15 12:13:00,2001-03-16 02:24:00
598,2001-03-16 03:36:00,2001-03-16 16:39:00
599,2001-03-16 16:41:00,2001-03-17 06:52:00
600,2001-03-17 08:04:00,2001-03-17 21:07:00
601,2001-03-17 21:08:00,2001-03-18 11:21:00
602,2001-03-18 12:50:00,2001-03-18 23:28:00
603,2001-03-19 02:49:00,2001-03-19 13:53:00
604,2001-03-19 17:32:00,2001-03-20 03:31:00
605,2001-03-20 07:12:00,2001-03-20 18:33:00
606,2001-03-20 21:50:00,2001-03-21 07:59:00
607,2001-03-21 11:59:00,2001-03-21 22:42:00
608,2001-03-22 02:01:00,2001-03-22 12:57:00
609,2001-03-22 16:43:00,2001-03-23 02:41:00
610,2001-03-23 06:23:00,2001-03-23 17:41:00
611,2001-03-23 21:04:00,2001-03-24 07:07:00
612,2001-03-24 11:05:00,2001-03-24 21:57:00
646,2001-04-13 16:50:00,2001-04-14 01:23:00
647,2001-04-14 05:00:00,2001-04-14 16:22:00
648,2001-04-14 19:41:00,2001-04-15 05:48:00
649,2001-04-15 09:44:00,2001-04-15 20:34:00
650,2001-04-15 23:53:00,2001-04-16 10:45:00
651,2001-04-16 14:32:00,2001-04-17 00:37:00
652,2001-04-17 04:10:00,2001-04-17 15:33:00
653,2001-04-17 18:56:00,2001-04-18 04:57:00
654,2001-04-18 08:50:00,2001-04-18 19:48:00
655,2001-04-18 23:05:00,2001-04-19 09:51:00
656,2001-04-19 13:39:00,2001-04-19 23:52:00
657,2001-04-20 03:21:00,2001-04-20 14:44:00
658,2001-04-20 18:07:00,2001-04-21 04:08:00
659,2001-04-21 07:59:00,2001-04-21 19:03:00
660,2001-04-21 22:16:00,2001-04-22 08:56:00
661,2001-04-22 12:48:00,2001-04-22 23:05:00
662,2001-04-23 02:30:00,2001-04-23 13:51:00
663,2001-04-23 17:18:00,2001-04-24 03:17:00
664,2001-04-24 07:04:00,2001-04-24 18:15:00
665,2001-04-24 21:30:00,2001-04-25 08:03:00
666,2001-04-25 11:55:00,2001-04-25 22:18:00
667,2001-04-26 01:42:00,2001-04-26 12:58:00
668,2001-04-26 16:31:00,2001-04-27 02:28:00
669,2001-04-27 06:12:00,2001-04-27 17:26:00
670,2001-04-27 20:43:00,2001-04-28 07:09:00
671,2001-04-28 11:03:00,2001-04-28 21:32:00
672,2001-04-29 00:53:00,2001-04-29 12:06:00
673,2001-04-29 15:41:00,2001-04-30 01:41:00
674,2001-04-30 05:20:00,2001-04-30 16:39:00
675,2001-04-30 19:58:00,2001-05-01 06:15:00
676,2001-05-01 10:11:00,2001-05-01 20:47:00
677,2001-05-02 00:04:00,2001-05-02 11:12:00
678,2001-05-02 14:50:00,2001-05-03 00:53:00
679,2001-05-03 04:28:00,2001-05-03 15:51:00
680,2001-05-03 19:08:00,2001-05-04 05:22:00
681,2001-05-04 09:17:00,2001-05-04 19:59:00
682,2001-05-04 23:16:00,2001-05-05 10:19:00
683,2001-05-05 14:00:00,2001-05-06 00:04:00
684,2001-05-06 03:39:00,2001-05-06 15:00:00
685,2001-05-06 18:23:00,2001-05-07 04:31:00
686,2001-05-07 08:22:00,2001-05-07 19:15:00
687,2001-05-07 22:30:00,2001-05-08 09:24:00
688,2001-05-08 13:10:00,2001-05-08 23:17:00
689,2001-05-09 02:48:00,2001-05-09 14:11:00
690,2001-05-09 17:35:00,2001-05-10 03:38:00
691,2001-05-10 07:30:00,2001-05-10 18:26:00
692,2001-05-10 21:43:00,2001-05-11 08:27:00
693,2001-05-11 12:19:00,2001-05-11 22:31:00
694,2001-05-12 01:58:00,2001-05-12 13:21:00
695,2001-05-12 16:46:00,2001-05-13 02:48:00
696,2001-05-13 06:37:00,2001-05-13 17:40:00
697,2001-05-13 20:57:00,2001-05-14 07:35:00
698,2001-05-14 11:27:00,2001-05-14 21:45:00
699,2001-05-15 01:08:00,2001-05-15 12:31:00
700,2001-05-15 15:58:00,2001-05-16 01:58:00
701,2001-05-16 05:43:00,2001-05-16 16:52:00
702,2001-05-16 20:07:00,2001-05-17 06:41:00
703,2001-05-17 10:33:00,2001-05-17 20:57:00
704,2001-05-18 00:20:00,2001-05-18 11:37:00
705,2001-05-18 15:11:00,2001-05-19 01:08:00
706,2001-05-19 04:50:00,2001-05-19 16:07:00
707,2001-05-19 19:22:00,2001-05-20 05:48:00
708,2001-05-20 09:42:00,2001-05-20 20:12:00
709,2001-05-20 23:29:00,2001-05-21 10:44:00
710,2001-05-21 14:20:00,2001-05-22 00:21:00
711,2001-05-22 03:59:00,2001-05-22 15:18:00
712,2001-05-22 18:35:00,2001-05-23 04:55:00
713,2001-05-23 08:49:00,2001-05-23 19:25:00
714,2001-05-23 22:42:00,2001-05-24 09:53:00
715,2001-05-24 13:31:00,2001-05-24 23:33:00
716,2001-05-25 03:08:00,2001-05-25 14:29:00
717,2001-05-25 17:49:00,2001-05-26 04:02:00
718,2001-05-26 07:56:00,2001-05-26 18:39:00
719,2001-05-26 21:54:00,2001-05-27 08:59:00
720,2001-05-27 12:41:00,2001-05-28 00:55:00
721,2001-05-28 00:57:00,2001-05-28 15:09:00
722,2001-05-28 15:11:00,2001-05-29 05:23:00
723,2001-05-29 05:25:00,2001-05-29 19:37:00
724,2001-05-29 19:39:00,2001-05-30 09:51:00
725,2001-05-30 09:52:00,2001-05-31 00:04:00
726,2001-05-31 00:06:00,2001-05-31 14:18:00
727,2001-05-31 14:20:00,2001-06-01 04:32:00
728,2001-06-01 04:34:00,2001-06-01 18:44:00
729,2001-06-01 18:46:00,2001-06-02 08:58:00
730,2001-06-02 09:00:00,2001-06-02 23:13:00
731,2001-06-02 23:15:00,2001-06-03 13:27:00
732,2001-06-03 13:29:00,2001-06-04 03:41:00
733,2001-06-04 03:43:00,2001-06-04 17:55:00
734,2001-06-04 17:57:00,2001-06-05 08:09:00
735,2001-06-05 08:11:00,2001-06-05 22:23:00
736,2001-06-05 22:25:00,2001-06-06 12:37:00
737,2001-06-06 12:39:00,2001-06-07 02:51:00
738,2001-06-07 02:53:00,2001-06-07 17:05:00
739,2001-06-07 17:07:00,2001-06-08 07:19:00
740,2001-06-08 07:21:00,2001-06-08 21:33:00
741,2001-06-08 21:35:00,2001-06-09 11:47:00
742,2001-06-09 11:49:00,2001-06-10 02:01:00
743,2001-06-10 02:03:00,2001-06-10 16:14:00
744,2001-06-10 16:16:00,2001-06-11 06:28:00
745,2001-06-11 06:30:00,2001-06-11 20:42:00
746,2001-06-11 20:44:00,2001-06-12 10:56:00
747,2001-06-12 10:58:00,2001-06-13 01:10:00
748,2001-06-13 01:12:00,2001-06-13 15:24:00
749,2001-06-13 15:26:00,2001-06-14 05:36:00
750,2001-06-14 05:38:00,2001-06-14 19:50:00
751,2001-06-14 19:52:00,2001-06-15 08:31:00
752,2001-06-15 10:06:00,2001-06-16 00:19:00
753,2001-06-16 00:21:00,2001-06-16 13:08:00
754,2001-06-16 14:35:00,2001-06-17 04:47:00
755,2001-06-17 04:49:00,2001-06-17 19:01:00
756,2001-06-17 19:03:00,2001-06-18 09:15:00
757,2001-06-18 09:17:00,2001-06-18 23:28:00
758,2001-06-18 23:30:00,2001-06-19 13:42:00
759,2001-06-19 13:44:00,2001-06-20 03:56:00
760,2001-06-20 03:58:00,2001-06-20 18:10:00
761,2001-06-20 18:12:00,2001-06-21 08:25:00
762,2001-06-21 08:27:00,2001-06-21 22:39:00
763,2001-06-21 22:41:00,2001-06-22 12:53:00
764,2001-06-22 12:55:00,2001-06-23 03:07:00
765,2001-06-23 03:09:00,2001-06-23 17:20:00
766,2001-06-23 17:22:00,2001-06-24 07:34:00
767,2001-06-24 07:36:00,2001-06-24 21:48:00
768,2001-06-24 21:50:00,2001-06-25 12:03:00
769,2001-06-25 12:05:00,2001-06-26 02:15:00
770,2001-06-26 02:17:00,2001-06-26 16:29:00
771,2001-06-26 16:31:00,2001-06-27 06:43:00
772,2001-06-27 06:45:00,2001-06-27 20:56:00
773,2001-06-27 20:58:00,2001-06-28 09:47:00
774,2001-06-28 11:12:00,2001-06-29 01:24:00
775,2001-06-29 01:26:00,2001-06-29 15:39:00
776,2001-06-29 15:41:00,2001-06-30 05:53:00
777,2001-06-30 05:55:00,2001-06-30 20:07:00
778,2001-06-30 20:09:00,2001-07-01 08:54:00
779,2001-07-01 10:22:00,2001-07-02 00:34:00
780,2001-07-02 00:36:00,2001-07-02 14:48:00
781,2001-07-02 14:50:00,2001-07-03 05:03:00
782,2001-07-03 05:05:00,2001-07-03 19:17:00
783,2001-07-03 19:19:00,2001-07-04 09:31:00
784,2001-07-04 09:33:00,2001-07-04 23:44:00
785,2001-07-04 23:46:00,2001-07-05 13:58:00
786,2001-07-05 14:00:00,2001-07-06 04:12:00
787,2001-07-06 04:14:00,2001-07-06 18:27:00
788,2001-07-06 18:29:00,2001-07-07 08:41:00
789,2001-07-07 08:43:00,2001-07-07 22:55:00
790,2001-07-07 22:57:00,2001-07-08 13:06:00
791,2001-07-08 13:08:00,2001-07-09 03:20:00
792,2001-07-09 03:22:00,2001-07-09 17:35:00
793,2001-07-09 17:37:00,2001-07-10 07:49:00
794,2001-07-10 07:51:00,2001-07-10 22:03:00
795,2001-07-10 22:05:00,2001-07-11 12:16:00
796,2001-07-11 12:18:00,2001-07-12 02:30:00
797,2001-07-12 02:32:00,2001-07-12 16:44:00
798,2001-07-12 16:46:00,2001-07-13 06:59:00
799,2001-07-13 07:01:00,2001-07-13 21:13:00
800,2001-07-13 21:15:00,2001-07-14 11:27:00
801,2001-07-14 11:29:00,2001-07-15 01:40:00
802,2001-07-15 01:42:00,2001-07-15 15:54:00
803,2001-07-15 15:56:00,2001-07-16 06:09:00
804,2001-07-16 06:11:00,2001-07-16 20:23:00
805,2001-07-16 20:25:00,2001-07-17 10:37:00
806,2001-07-17 10:39:00,2001-07-18 00:50:00
807,2001-07-18 00:52:00,2001-07-18 15:04:00
808,2001-07-18 15:06:00,2001-07-19 05:18:00
809,2001-07-19 05:20:00,2001-07-19 19:33:00
810,2001-07-19 19:35:00,2001-07-20 09:45:00
811,2001-07-20 09:47:00,2001-07-20 23:57:00
812,2001-07-21 07:15:00,2001-07-21 08:10:00
813,2001-07-22 02:14:00,2001-07-22 02:42:00
814,2001-07-22 08:09:00,2001-07-22 09:16:00
815,2001-07-22 23:57:00,2001-07-23 08:55:00
816,2001-07-23 08:57:00,2001-07-23 23:09:00
817,2001-07-23 23:11:00,2001-07-24 13:22:00
818,2001-07-24 13:24:00,2001-07-25 03:36:00
819,2001-07-25 03:38:00,2001-07-25 17:50:00
820,2001-07-25 17:52:00,2001-07-26 08:05:00
821,2001-07-26 08:07:00,2001-07-26 22:19:00
822,2001-07-26 22:21:00,2001-07-27 12:33:00
823,2001-07-27 12:35:00,2001-07-28 02:46:00
824,2001-07-28 02:48:00,2001-07-28 17:00:00
825,2001-07-28 17:02:00,2001-07-29 07:14:00
826,2001-07-29 07:16:00,2001-07-29 21:29:00
827,2001-07-29 21:31:00,2001-07-30 11:43:00
828,2001-07-30 11:45:00,2001-07-31 01:57:00
829,2001-07-31 01:59:00,2001-07-31 16:11:00
830,2001-07-31 16:13:00,2001-08-01 06:22:00
831,2001-08-01 06:24:00,2001-08-01 20:36:00
832,2001-08-01 20:38:00,2001-08-02 10:50:00
833,2001-08-02 10:52:00,2001-08-03 01:05:00
834,2001-08-03 01:07:00,2001-08-03 15:19:00
835,2001-08-03 15:21:00,2001-08-04 05:33:00
836,2001-08-04 05:35:00,2001-08-04 19:47:00
837,2001-08-04 19:49:00,2001-08-05 10:00:00
838,2001-08-05 10:02:00,2001-08-06 00:14:00
839,2001-08-06 00:16:00,2001-08-06 14:28:00
840,2001-08-06 14:30:00,2001-08-07 04:43:00
841,2001-08-07 04:45:00,2001-08-07 18:57:00
842,2001-08-07 18:59:00,2001-08-08 09:11:00
843,2001-08-08 09:13:00,2001-08-08 23:25:00
844,2001-08-08 23:27:00,2001-08-09 13:39:00
845,2001-08-09 13:41:00,2001-08-10 03:52:00
846,2001-08-10 03:54:00,2001-08-10 18:06:00
847,2001-08-10 18:08:00,2001-08-11 08:20:00
848,2001-08-11 08:22:00,2001-08-11 22:34:00
849,2001-08-11 22:36:00,2001-08-12 12:48:00
850,2001-08-12 12:50:00,2001-08-13 03:03:00
851,2001-08-13 03:05:00,2001-08-13 17:15:00
852,2001-08-13 17:17:00,2001-08-14 07:29:00
853,2001-08-14 07:31:00,2001-08-14 21:43:00
854,2001-08-14 21:45:00,2001-08-15 11:57:00
855,2001-08-15 11:59:00,2001-08-16 00:28:00
856,2001-08-16 11:48:00,2001-08-16 16:24:00
857,2001-08-16 16:26:00,2001-08-17 06:38:00
858,2001-08-17 06:40:00,2001-08-17 20:52:00
859,2001-08-17 20:54:00,2001-08-18 11:06:00
860,2001-08-18 11:08:00,2001-08-19 01:20:00
861,2001-08-19 01:22:00,2001-08-19 15:34:00
862,2001-08-19 15:36:00,2001-08-20 05:48:00
863,2001-08-20 05:50:00,2001-08-20 20:03:00
864,2001-08-20 20:05:00,2001-08-21 10:17:00
865,2001-08-21 10:19:00,2001-08-22 00:31:00
866,2001-08-22 00:33:00,2001-08-22 14:45:00
867,2001-08-22 14:47:00,2001-08-23 04:59:00
868,2001-08-23 05:01:00,2001-08-23 19:13:00
869,2001-08-23 19:15:00,2001-08-24 09:27:00
870,2001-08-24 09:29:00,2001-08-24 23:39:00
871,2001-08-24 23:41:00,2001-08-25 13:53:00
872,2001-08-25 13:55:00,2001-08-26 04:07:00
873,2001-08-26 04:09:00,2001-08-26 16:35:00
874,2001-08-26 19:59:00,2001-08-27 07:22:00
875,2001-08-27 10:52:00,2001-08-27 21:01:00
876,2001-08-28 00:47:00,2001-08-28 11:38:00
877,2001-08-28 14:55:00,2001-08-29 01:50:00
878,2001-08-29 05:42:00,2001-08-29 15:47:00
879,2001-08-29 19:09:00,2001-08-30 06:32:00
880,2001-08-30 10:05:00,2001-08-30 20:11:00
881,2001-08-30 23:53:00,2001-08-31 10:54:00
882,2001-08-31 14:09:00,2001-09-01 00:55:00
883,2001-09-01 04:49:00,2001-09-01 15:01:00
884,2001-09-01 18:20:00,2001-09-02 05:43:00
885,2001-09-02 09:17:00,2001-09-02 19:18:00
886,2001-09-02 22:58:00,2001-09-03 10:05:00
887,2001-09-03 11:24:00,2001-09-04 01:36:00
888,2001-09-04 01:38:00,2001-09-04 14:12:00
889,2001-09-04 17:31:00,2001-09-05 06:05:00
890,2001-09-05 06:07:00,2001-09-05 18:29:00
891,2001-09-05 22:07:00,2001-09-06 09:16:00
892,2001-09-06 10:33:00,2001-09-07 00:45:00
893,2001-09-07 00:47:00,2001-09-07 13:27:00
894,2001-09-07 16:42:00,2001-09-08 03:59:00
895,2001-09-08 05:14:00,2001-09-08 17:40:00
896,2001-09-08 21:14:00,2001-09-09 08:29:00
897,2001-09-09 09:43:00,2001-09-09 22:16:00
898,2001-09-10 02:12:00,2001-09-10 12:32:00
899,2001-09-10 15:55:00,2001-09-11 02:59:00
900,2001-09-11 04:25:00,2001-09-11 16:38:00
901,2001-09-11 20:20:00,2001-09-12 07:33:00
902,2001-09-12 08:54:00,2001-09-12 21:12:00
903,2001-09-13 01:16:00,2001-09-13 11:42:00
904,2001-09-13 15:07:00,2001-09-14 03:33:00
905,2001-09-14 03:35:00,2001-09-14 15:51:00
906,2001-09-14 19:28:00,2001-09-15 08:00:00
907,2001-09-15 08:02:00,2001-09-15 20:20:00
908,2001-09-16 00:20:00,2001-09-16 10:56:00
909,2001-09-16 14:21:00,2001-09-17 02:43:00
910,2001-09-17 02:45:00,2001-09-17 15:03:00
911,2001-09-17 18:38:00,2001-09-18 05:55:00
912,2001-09-18 07:10:00,2001-09-18 19:28:00
913,2001-09-18 23:25:00,2001-09-19 10:10:00
914,2001-09-19 13:33:00,2001-09-20 00:17:00
915,2001-09-20 01:52:00,2001-09-20 14:16:00
916,2001-09-20 17:48:00,2001-09-21 05:05:00
917,2001-09-21 06:21:00,2001-09-21 18:37:00
918,2001-09-21 22:33:00,2001-09-22 09:21:00
919,2001-09-23 01:00:00,2001-09-23 01:00:00
920,2001-09-23 01:02:00,2001-09-23 13:28:00
921,2001-09-23 16:59:00,2001-09-24 05:29:00
922,2001-09-24 05:31:00,2001-09-24 17:46:00
923,2001-09-24 21:38:00,2001-09-25 08:37:00
924,2001-09-25 09:58:00,2001-09-26 00:11:00
925,2001-09-26 00:13:00,2001-09-26 12:43:00
926,2001-09-26 16:08:00,2001-09-27 03:23:00
927,2001-09-27 04:40:00,2001-09-27 16:56:00
928,2001-09-27 20:45:00,2001-09-28 07:48:00
929,2001-09-28 11:15:00,2001-09-28 21:39:00
930,2001-09-29 01:45:00,2001-09-29 11:54:00
931,2001-09-29 15:21:00,2001-09-30 02:30:00
932,2001-09-30 06:19:00,2001-09-30 16:06:00
933,2001-09-30 19:52:00,2001-10-01 07:01:00
934,2001-10-01 10:28:00,2001-10-01 20:45:00
935,2001-10-02 00:51:00,2001-10-02 11:09:00
936,2001-10-02 14:32:00,2001-10-03 01:39:00
937,2001-10-03 05:32:00,2001-10-03 15:19:00
938,2001-10-03 19:01:00,2001-10-04 06:09:00
939,2001-10-04 09:43:00,2001-10-04 19:52:00
940,2001-10-04 23:56:00,2001-10-05 10:22:00
941,2001-10-05 13:47:00,2001-10-06 00:45:00
942,2001-10-06 04:43:00,2001-10-06 14:30:00
943,2001-10-06 18:09:00,2001-10-07 05:22:00
944,2001-10-07 08:55:00,2001-10-07 19:01:00
945,2001-10-07 23:02:00,2001-10-08 09:34:00
946,2001-10-08 12:59:00,2001-10-08 23:52:00
947,2001-10-09 03:52:00,2001-10-09 13:43:00
948,2001-10-09 17:16:00,2001-10-10 04:33:00
949,2001-10-10 08:10:00,2001-10-10 18:09:00
950,2001-10-10 22:09:00,2001-10-11 08:49:00
951,2001-10-11 12:12:00,2001-10-11 14:56:00
953,2001-10-13 00:50:00,2001-10-13 03:41:00
954,2001-10-13 07:25:00,2001-10-13 17:18:00
955,2001-10-13 21:12:00,2001-10-14 08:00:00
956,2001-10-14 11:27:00,2001-10-14 22:03:00
957,2001-10-15 02:11:00,2001-10-15 12:08:00
958,2001-10-15 15:35:00,2001-10-16 02:52:00
959,2001-10-16 06:36:00,2001-10-16 15:28:00
960,2001-10-16 20:19:00,2001-10-17 07:15:00
961,2001-10-17 10:40:00,2001-10-17 21:10:00
962,2001-10-18 01:18:00,2001-10-18 11:26:00
963,2001-10-18 14:49:00,2001-10-19 01:59:00
964,2001-10-19 05:51:00,2001-10-19 15:38:00
965,2001-10-19 19:24:00,2001-10-20 06:26:00
966,2001-10-20 09:54:00,2001-10-20 20:17:00
967,2001-10-21 00:25:00,2001-10-21 10:33:00
968,2001-10-21 14:00:00,2001-10-22 01:09:00
969,2001-10-22 05:03:00,2001-10-22 14:48:00
970,2001-10-22 18:31:00,2001-10-23 05:38:00
971,2001-10-23 09:07:00,2001-10-23 19:25:00
972,2001-10-23 23:33:00,2001-10-24 09:49:00
973,2001-10-24 13:12:00,2001-10-25 00:17:00
974,2001-10-25 04:15:00,2001-10-25 14:00:00
975,2001-10-25 17:39:00,2001-10-26 04:48:00
976,2001-10-26 08:22:00,2001-10-26 18:29:00
977,2001-10-26 22:37:00,2001-10-27 08:59:00
978,2001-10-27 12:24:00,2001-10-27 23:23:00
979,2001-10-28 03:23:00,2001-10-28 13:10:00
980,2001-10-28 16:48:00,2001-10-29 04:01:00
981,2001-10-29 07:36:00,2001-10-29 17:40:00
982,2001-10-29 21:44:00,2001-10-30 08:14:00
983,2001-10-30 11:37:00,2001-10-30 22:30:00
984,2001-10-31 02:34:00,2001-10-31 12:21:00
985,2001-10-31 15:57:00,2001-11-01 03:10:00
986,2001-11-01 06:49:00,2001-11-01 16:49:00
987,2001-11-01 20:49:00,2001-11-02 07:25:00
988,2001-11-02 10:53:00,2001-11-02 21:37:00
989,2001-11-03 01:43:00,2001-11-03 11:35:00
990,2001-11-03 15:06:00,2001-11-04 02:19:00
991,2001-11-04 06:03:00,2001-11-04 15:59:00
992,2001-11-04 19:55:00,2001-11-05 06:39:00
993,2001-11-05 10:07:00,2001-11-05 20:43:00
994,2001-11-06 00:51:00,2001-11-06 10:49:00
995,2001-11-06 14:16:00,2001-11-07 01:30:00
996,2001-11-07 05:17:00,2001-11-07 15:09:00
997,2001-11-07 19:01:00,2001-11-08 05:52:00
998,2001-11-08 09:21:00,2001-11-08 19:50:00
999,2001-11-09 00:00:00,2001-11-09 10:00:00
1000,2001-11-09 13:27:00,2001-11-10 00:38:00
1001,2001-11-10 04:30:00,2001-11-10 14:18:00
1002,2001-11-10 18:06:00,2001-11-11 05:05:00
1003,2001-11-11 08:34:00,2001-11-11 18:59:00
1004,2001-11-11 23:07:00,2001-11-12 09:13:00
1005,2001-11-12 12:39:00,2001-11-12 23:48:00
1006,2001-11-13 03:44:00,2001-11-13 13:28:00
1007,2001-11-13 17:11:00,2001-11-14 04:17:00
1008,2001-11-14 07:48:00,2001-11-14 18:07:00
1009,2001-11-14 22:15:00,2001-11-15 08:07:00
1010,2001-11-15 11:53:00,2001-11-15 22:54:00
1011,2001-11-16 02:54:00,2001-11-16 12:40:00
1012,2001-11-16 16:19:00,2001-11-17 03:29:00
1013,2001-11-17 07:03:00,2001-11-17 17:13:00
1014,2001-11-17 21:19:00,2001-11-18 07:39:00
1016,2001-11-19 02:07:00,2001-11-19 11:50:00
1017,2001-11-19 15:28:00,2001-11-20 02:37:00
1018,2001-11-20 06:19:00,2001-11-20 16:19:00
1019,2001-11-20 20:26:00,2001-11-21 06:52:00
1020,2001-11-21 10:18:00,2001-11-21 21:11:00
1021,2001-11-22 01:15:00,2001-11-22 03:45:00
1022,2001-11-22 15:34:00,2001-11-23 01:48:00
1023,2001-11-23 05:32:00,2001-11-23 15:28:00
1024,2001-11-23 19:31:00,2001-11-24 06:03:00
1025,2001-11-24 09:33:00,2001-11-24 20:16:00
1026,2001-11-25 00:27:00,2001-11-25 10:14:00
1027,2001-11-25 13:46:00,2001-11-26 00:58:00
1028,2001-11-26 04:46:00,2001-11-26 14:36:00
1029,2001-11-26 18:36:00,2001-11-27 05:19:00
1030,2001-11-27 08:47:00,2001-11-27 19:25:00
1031,2001-11-27 23:34:00,2001-11-28 09:26:00
1032,2001-11-28 12:56:00,2001-11-29 00:09:00
1033,2001-11-29 03:59:00,2001-11-29 13:49:00
1034,2001-11-29 17:39:00,2001-11-30 04:31:00
1035,2001-11-30 08:00:00,2001-11-30 18:31:00
1036,2001-11-30 22:42:00,2001-12-01 08:40:00
1037,2001-12-01 12:08:00,2001-12-01 23:15:00
1038,2001-12-02 03:12:00,2001-12-02 12:57:00
1039,2001-12-02 16:46:00,2001-12-03 03:43:00
1040,2001-12-03 07:15:00,2001-12-03 17:37:00
1041,2001-12-03 21:50:00,2001-12-04 07:52:00
1042,2001-12-04 11:18:00,2001-12-04 22:26:00
1043,2001-12-05 02:24:00,2001-12-05 12:08:00
1044,2001-12-05 15:54:00,2001-12-06 02:54:00
1045,2001-12-06 06:27:00,2001-12-06 16:44:00
1046,2001-12-06 20:57:00,2001-12-07 07:03:00
1047,2001-12-07 10:31:00,2001-12-07 21:35:00
1048,2001-12-08 01:37:00,2001-12-08 11:19:00
1049,2001-12-08 15:01:00,2001-12-09 02:07:00
1050,2001-12-09 05:45:00,2001-12-09 15:51:00
1051,2001-12-09 20:02:00,2001-12-10 06:18:00
1052,2001-12-10 09:44:00,2001-12-10 20:42:00
1053,2001-12-11 00:48:00,2001-12-11 10:30:00
1054,2001-12-11 14:08:00,2001-12-12 01:16:00
1055,2001-12-12 04:58:00,2001-12-12 15:00:00
1056,2001-12-12 19:09:00,2001-12-13 05:30:00
1057,2001-12-13 08:57:00,2001-12-13 19:49:00
1058,2001-12-13 23:58:00,2001-12-14 09:42:00
1059,2001-12-14 13:15:00,2001-12-15 00:25:00
1060,2001-12-15 04:11:00,2001-12-15 14:10:00
1061,2001-12-15 18:12:00,2001-12-16 04:43:00
1062,2001-12-16 08:09:00,2001-12-16 18:54:00
1063,2001-12-16 23:07:00,2001-12-17 08:53:00
1064,2001-12-17 12:27:00,2001-12-17 23:37:00
1065,2001-12-18 03:25:00,2001-12-18 13:18:00
1066,2001-12-18 17:18:00,2001-12-19 03:55:00
1067,2001-12-19 07:27:00,2001-12-19 18:02:00
1068,2001-12-19 22:17:00,2001-12-20 08:05:00
1069,2001-12-20 11:37:00,2001-12-20 22:45:00
1070,2001-12-21 02:39:00,2001-12-21 12:28:00
1071,2001-12-21 16:22:00,2001-12-22 03:07:00
1072,2001-12-22 06:39:00,2001-12-22 17:08:00
1073,2001-12-22 21:25:00,2001-12-23 07:18:00
1074,2001-12-23 10:47:00,2001-12-23 21:55:00
1075,2001-12-24 01:54:00,2001-12-24 11:56:00
1076,2001-12-24 15:28:00,2001-12-25 02:30:00
1077,2001-12-25 05:54:00,2001-12-25 16:33:00
1078,2001-12-25 20:32:00,2001-12-26 06:46:00
1079,2001-12-26 09:58:00,2001-12-26 21:14:00
1080,2001-12-27 01:06:00,2001-12-27 11:07:00
1081,2001-12-27 14:35:00,2001-12-28 01:43:00
1082,2001-12-28 05:09:00,2001-12-28 15:42:00
1083,2001-12-28 19:40:00,2001-12-29 05:57:00
1084,2001-12-29 09:11:00,2001-12-29 20:25:00
1085,2001-12-30 00:17:00,2001-12-30 10:16:00
1086,2001-12-30 13:41:00,2001-12-31 01:44:00
1087,2001-12-31 01:46:00,2001-12-31 14:50:00
1088,2001-12-31 18:45:00,2002-01-01 05:10:00
1089,2002-01-01 08:23:00,2002-01-01 19:32:00
1090,2002-01-01 23:30:00,2002-01-02 09:29:00
1091,2002-01-02 12:48:00,2002-01-03 00:04:00
1092,2002-01-03 03:39:00,2002-01-03 13:57:00
1093,2002-01-03 17:50:00,2002-01-04 04:19:00
1094,2002-01-04 07:37:00,2002-01-04 18:39:00
1095,2002-01-04 22:41:00,2002-01-05 08:38:00
1096,2002-01-05 11:57:00,2002-01-05 23:14:00
1097,2002-01-06 02:54:00,2002-01-06 13:03:00
1098,2002-01-06 16:53:00,2002-01-07 03:34:00
1099,2002-01-07 06:52:00,2002-01-07 17:48:00
1100,2002-01-07 21:53:00,2002-01-08 07:49:00
1101,2002-01-08 11:07:00,2002-01-08 22:25:00
1102,2002-01-09 02:07:00,2002-01-09 12:16:00
1103,2002-01-09 16:00:00,2002-01-10 02:44:00
1104,2002-01-10 06:05:00,2002-01-10 16:55:00
1105,2002-01-10 21:00:00,2002-01-11 07:00:00
1106,2002-01-11 10:16:00,2002-01-11 21:34:00
1107,2002-01-12 01:23:00,2002-01-12 11:23:00
1108,2002-01-12 15:03:00,2002-01-13 01:55:00
1109,2002-01-13 05:19:00,2002-01-13 16:05:00
1110,2002-01-13 20:07:00,2002-01-14 07:19:00
1111,2002-01-14 07:21:00,2002-01-14 20:42:00
1112,2002-01-14 21:36:00,2002-01-15 11:46:00
1113,2002-01-15 11:48:00,2002-01-16 01:07:00
1114,2002-01-16 02:03:00,2002-01-16 15:12:00
1115,2002-01-16 16:15:00,2002-01-17 05:24:00
1116,2002-01-17 06:28:00,2002-01-17 19:51:00
1117,2002-01-17 20:46:00,2002-01-18 10:55:00
1118,2002-01-18 10:57:00,2002-01-19 00:18:00
1119,2002-01-19 01:13:00,2002-01-19 14:20:00
1120,2002-01-19 15:26:00,2002-01-20 04:35:00
1121,2002-01-20 05:38:00,2002-01-20 18:59:00
1122,2002-01-20 19:56:00,2002-01-21 10:05:00
1123,2002-01-21 10:07:00,2002-01-21 23:40:00
1124,2002-01-22 00:25:00,2002-01-22 13:35:00
1125,2002-01-22 14:34:00,2002-01-23 03:57:00
1126,2002-01-23 04:48:00,2002-01-23 18:19:00
1127,2002-01-23 19:03:00,2002-01-24 09:15:00
1128,2002-01-24 09:17:00,2002-01-24 22:48:00
1129,2002-01-24 23:32:00,2002-01-25 12:45:00
1130,2002-01-25 13:44:00,2002-01-26 03:57:00
1131,2002-01-26 03:59:00,2002-01-26 17:28:00
1132,2002-01-26 18:15:00,2002-01-27 08:24:00
1133,2002-01-27 08:26:00,2002-01-27 21:59:00
1134,2002-01-27 22:42:00,2002-01-28 12:53:00
1135,2002-01-28 12:55:00,2002-01-29 02:20:00
1136,2002-01-29 03:09:00,2002-01-29 16:36:00
1137,2002-01-29 17:24:00,2002-01-30 07:35:00
1138,2002-01-30 07:36:00,2002-01-30 21:13:00
1139,2002-01-30 21:51:00,2002-01-31 11:04:00
1140,2002-01-31 12:03:00,2002-02-01 01:30:00
1141,2002-02-01 02:18:00,2002-02-01 15:43:00
1142,2002-02-01 16:34:00,2002-02-02 06:43:00
1143,2002-02-02 06:45:00,2002-02-02 20:22:00
1144,2002-02-02 21:03:00,2002-02-03 10:13:00
1145,2002-02-03 11:12:00,2002-02-04 00:43:00
1146,2002-02-04 01:28:00,2002-02-04 14:52:00
1147,2002-02-04 15:43:00,2002-02-05 05:00:00
1148,2002-02-05 05:54:00,2002-02-05 19:30:00
1149,2002-02-05 20:12:00,2002-02-06 10:21:00
1150,2002-02-06 10:23:00,2002-02-06 23:54:00
1151,2002-02-07 00:39:00,2002-02-07 14:00:00
1152,2002-02-07 14:52:00,2002-02-08 04:11:00
1153,2002-02-08 05:04:00,2002-02-08 18:43:00
1154,2002-02-08 19:21:00,2002-02-09 09:31:00
1155,2002-02-09 09:33:00,2002-02-09 23:06:00
1156,2002-02-09 23:48:00,2002-02-10 13:59:00
1157,2002-02-10 14:01:00,2002-02-11 03:22:00
1158,2002-02-11 04:15:00,2002-02-11 17:48:00
1159,2002-02-11 18:30:00,2002-02-12 08:41:00
1160,2002-02-12 08:43:00,2002-02-12 22:16:00
1161,2002-02-12 22:59:00,2002-02-13 12:24:00
1162,2002-02-13 13:10:00,2002-02-14 02:35:00
1163,2002-02-14 03:24:00,2002-02-14 16:56:00
1164,2002-02-14 17:39:00,2002-02-15 07:48:00
1165,2002-02-15 07:50:00,2002-02-15 21:29:00
1166,2002-02-15 22:06:00,2002-02-16 11:24:00
1167,2002-02-16 12:19:00,2002-02-17 01:46:00
1168,2002-02-17 02:32:00,2002-02-17 16:01:00
1169,2002-02-17 16:48:00,2002-02-18 06:59:00
1170,2002-02-18 07:01:00,2002-02-18 20:38:00
1171,2002-02-18 21:16:00,2002-02-19 11:26:00
1172,2002-02-19 11:28:00,2002-02-20 00:58:00
1173,2002-02-20 01:43:00,2002-02-20 15:13:00
1174,2002-02-20 15:58:00,2002-02-21 06:09:00
1175,2002-02-21 06:11:00,2002-02-21 19:17:00
1176,2002-02-21 20:31:00,2002-02-22 10:36:00
1177,2002-02-22 10:38:00,2002-02-23 00:10:00
1178,2002-02-23 00:53:00,2002-02-23 14:19:00
1179,2002-02-23 15:06:00,2002-02-24 05:19:00
1180,2002-02-24 05:21:00,2002-02-24 19:00:00
1181,2002-02-24 19:37:00,2002-02-25 09:46:00
1182,2002-02-25 09:48:00,2002-02-25 23:24:00
1183,2002-02-26 00:03:00,2002-02-26 13:29:00
1184,2002-02-26 14:16:00,2002-02-27 04:29:00
1185,2002-02-27 04:31:00,2002-02-27 18:20:00
1186,2002-02-27 18:46:00,2002-02-28 08:56:00
1187,2002-02-28 08:58:00,2002-02-28 22:34:00
1188,2002-02-28 23:13:00,2002-03-01 12:37:00
1189,2002-03-01 13:26:00,2002-03-02 03:39:00
1190,2002-03-02 03:41:00,2002-03-02 17:17:00
1191,2002-03-02 17:56:00,2002-03-03 08:05:00
1192,2002-03-03 08:07:00,2002-03-03 21:46:00
1193,2002-03-03 22:22:00,2002-03-04 11:59:00
1194,2002-03-04 12:35:00,2002-03-05 01:59:00
1195,2002-03-05 02:48:00,2002-03-05 16:29:00
1196,2002-03-05 17:05:00,2002-03-06 07:14:00
1197,2002-03-06 07:16:00,2002-03-06 21:07:00
1198,2002-03-06 21:33:00,2002-03-07 10:53:00
1199,2002-03-07 11:44:00,2002-03-08 01:12:00
1200,2002-03-08 01:59:00,2002-03-08 15:36:00
1201,2002-03-08 16:14:00,2002-03-09 06:25:00
1202,2002-03-09 06:27:00,2002-03-09 20:06:00
1203,2002-03-09 20:42:00,2002-03-10 10:02:00
1204,2002-03-10 10:55:00,2002-03-11 00:25:00
1205,2002-03-11 01:08:00,2002-03-11 14:44:00
1206,2002-03-11 15:25:00,2002-03-12 05:34:00
1207,2002-03-12 05:36:00,2002-03-12 19:18:00
1208,2002-03-12 19:53:00,2002-03-13 10:03:00
1209,2002-03-13 10:05:00,2002-03-13 23:36:00
1210,2002-03-14 00:18:00,2002-03-14 13:54:00
1211,2002-03-14 14:35:00,2002-03-15 04:44:00
1212,2002-03-15 04:46:00,2002-03-15 18:28:00
1213,2002-03-15 19:03:00,2002-03-16 09:13:00
1214,2002-03-16 09:15:00,2002-03-16 22:50:00
1215,2002-03-16 23:28:00,2002-03-17 13:02:00
1216,2002-03-17 13:43:00,2002-03-18 03:54:00
1217,2002-03-18 03:56:00,2002-03-18 17:48:00
1218,2002-03-18 18:12:00,2002-03-19 07:30:00
1219,2002-03-19 08:23:00,2002-03-19 22:01:00
1220,2002-03-19 22:38:00,2002-03-20 12:07:00
1221,2002-03-20 12:52:00,2002-03-21 02:16:00
1222,2002-03-21 03:05:00,2002-03-21 16:46:00
1223,2002-03-21 17:23:00,2002-03-22 07:31:00
1224,2002-03-22 07:33:00,2002-03-22 21:11:00
1225,2002-03-22 21:48:00,2002-03-23 11:16:00
1226,2002-03-23 12:02:00,2002-03-24 01:28:00
1227,2002-03-24 02:15:00,2002-03-24 15:56:00
1228,2002-03-24 16:31:00,2002-03-25 05:50:00
1229,2002-03-25 09:05:00,2002-03-25 20:23:00
1230,2002-03-25 23:53:00,2002-03-26 10:25:00
1231,2002-03-26 14:33:00,2002-03-27 00:37:00
1232,2002-03-27 03:52:00,2002-03-27 15:06:00
1233,2002-03-27 19:08:00,2002-03-28 05:00:00
1234,2002-03-28 08:29:00,2002-03-28 19:34:00
1235,2002-03-28 23:08:00,2002-03-29 09:32:00
1236,2002-03-29 13:40:00,2002-03-29 23:50:00
1237,2002-03-30 03:05:00,2002-03-30 14:15:00
1238,2002-03-30 18:21:00,2002-03-31 04:10:00
1239,2002-03-31 07:34:00,2002-03-31 18:45:00
1240,2002-03-31 22:23:00,2002-04-01 08:43:00
1241,2002-04-01 12:26:00,2002-04-01 23:05:00
1242,2002-04-02 02:20:00,2002-04-02 13:23:00
1243,2002-04-02 17:32:00,2002-04-03 03:21:00
1244,2002-04-03 06:42:00,2002-04-03 17:53:00
1245,2002-04-03 21:39:00,2002-04-04 07:49:00
1246,2002-04-04 11:47:00,2002-04-04 22:15:00
1247,2002-04-05 01:35:00,2002-04-05 12:30:00
1248,2002-04-05 16:44:00,2002-04-06 02:31:00
1249,2002-04-06 05:51:00,2002-04-06 17:04:00
1250,2002-04-06 20:54:00,2002-04-07 07:00:00
1251,2002-04-07 10:51:00,2002-04-07 21:26:00
1252,2002-04-08 00:30:00,2002-04-08 11:40:00
1253,2002-04-08 15:54:00,2002-04-09 01:42:00
1254,2002-04-09 05:01:00,2002-04-09 16:14:00
1255,2002-04-09 20:08:00,2002-04-10 06:08:00
1256,2002-04-10 09:56:00,2002-04-10 20:38:00
1257,2002-04-11 00:02:00,2002-04-11 10:49:00
1258,2002-04-11 15:03:00,2002-04-12 00:55:00
1259,2002-04-12 04:10:00,2002-04-12 15:25:00
1260,2002-04-12 19:23:00,2002-04-13 05:19:00
1261,2002-04-13 09:01:00,2002-04-13 19:49:00
1262,2002-04-13 23:19:00,2002-04-14 09:53:00
1263,2002-04-14 14:10:00,2002-04-15 00:06:00
1264,2002-04-15 03:04:00,2002-04-15 14:34:00
1265,2002-04-15 18:38:00,2002-04-16 04:28:00
1266,2002-04-16 08:06:00,2002-04-16 19:00:00
1267,2002-04-16 22:34:00,2002-04-17 09:03:00
1268,2002-04-17 13:19:00,2002-04-17 23:17:00
1269,2002-04-18 02:34:00,2002-04-18 13:41:00
1270,2002-04-18 17:50:00,2002-04-19 03:37:00
1271,2002-04-19 07:11:00,2002-04-19 18:10:00
1272,2002-04-19 21:48:00,2002-04-20 08:10:00
1273,2002-04-20 12:25:00,2002-04-20 22:31:00
1274,2002-04-21 01:46:00,2002-04-21 12:51:00
1275,2002-04-21 17:04:00,2002-04-22 02:47:00
1276,2002-04-22 06:00:00,2002-04-22 17:20:00
1277,2002-04-22 21:04:00,2002-04-23 07:20:00
1278,2002-04-23 11:29:00,2002-04-23 21:43:00
1279,2002-04-24 01:01:00,2002-04-24 12:00:00
1280,2002-04-24 16:17:00,2002-04-25 01:58:00
1281,2002-04-25 05:24:00,2002-04-25 16:33:00
1282,2002-04-25 20:21:00,2002-04-26 06:29:00
1283,2002-04-26 10:32:00,2002-04-26 20:52:00
1284,2002-04-27 00:14:00,2002-04-27 11:09:00
1285,2002-04-27 15:28:00,2002-04-28 01:09:00
1286,2002-04-28 04:33:00,2002-04-28 15:40:00
1287,2002-04-28 19:37:00,2002-04-29 05:39:00
1288,2002-04-29 09:18:00,2002-04-29 20:04:00
1289,2002-04-29 23:29:00,2002-04-30 10:16:00
1290,2002-04-30 14:40:00,2002-05-01 00:21:00
1291,2002-05-01 03:43:00,2002-05-01 14:50:00
1292,2002-05-01 18:51:00,2002-05-02 04:47:00
1293,2002-05-02 08:41:00,2002-05-02 19:14:00
1294,2002-05-02 22:44:00,2002-05-03 09:27:00
1295,2002-05-03 13:46:00,2002-05-03 23:32:00
1296,2002-05-04 02:53:00,2002-05-04 14:03:00
1297,2002-05-04 18:06:00,2002-05-05 03:56:00
1298,2002-05-05 07:44:00,2002-05-05 18:27:00
1299,2002-05-05 22:01:00,2002-05-06 08:34:00
1300,2002-05-06 12:38:00,2002-05-06 22:43:00
1301,2002-05-07 02:05:00,2002-05-07 13:08:00
1302,2002-05-07 17:21:00,2002-05-08 03:07:00
1303,2002-05-08 06:49:00,2002-05-08 17:36:00
1304,2002-05-08 21:14:00,2002-05-09 07:43:00
1305,2002-05-09 12:02:00,2002-05-09 21:56:00
1306,2002-05-10 01:16:00,2002-05-10 12:21:00
1307,2002-05-10 16:35:00,2002-05-11 02:16:00
1308,2002-05-11 05:54:00,2002-05-11 16:48:00
1309,2002-05-11 20:30:00,2002-05-12 06:49:00
1310,2002-05-12 11:08:00,2002-05-12 21:08:00
1312,2002-05-13 23:56:00,2002-05-14 01:26:00
1313,2002-05-14 05:00:00,2002-05-14 16:00:00
1314,2002-05-14 19:46:00,2002-05-15 05:59:00
1315,2002-05-15 10:16:00,2002-05-15 20:18:00
1316,2002-05-15 23:42:00,2002-05-16 10:39:00
1317,2002-05-16 15:01:00,2002-05-17 00:36:00
1318,2002-05-17 04:06:00,2002-05-17 15:08:00
1319,2002-05-17 19:02:00,2002-05-18 05:07:00
1320,2002-05-18 09:18:00,2002-05-18 19:30:00
1321,2002-05-18 22:56:00,2002-05-19 09:46:00
1322,2002-05-19 14:13:00,2002-05-19 23:49:00
1323,2002-05-20 00:31:00,2002-05-20 14:06:00
1324,2002-05-20 14:49:00,2002-05-21 04:01:00
1325,2002-05-21 05:02:00,2002-05-21 18:25:00
1326,2002-05-21 19:15:00,2002-05-22 08:38:00
1327,2002-05-22 09:31:00,2002-05-22 22:43:00
1328,2002-05-22 23:44:00,2002-05-23 13:13:00
1329,2002-05-23 13:59:00,2002-05-24 03:08:00
1330,2002-05-24 04:11:00,2002-05-24 17:38:00
1331,2002-05-24 18:26:00,2002-05-25 07:47:00
1332,2002-05-25 08:41:00,2002-05-25 21:54:00
1333,2002-05-25 22:53:00,2002-05-26 12:22:00
1334,2002-05-26 13:10:00,2002-05-27 02:19:00
1335,2002-05-27 03:22:00,2002-05-27 16:49:00
1336,2002-05-27 17:37:00,2002-05-28 06:54:00
1337,2002-05-28 07:51:00,2002-05-28 21:05:00
1338,2002-05-28 22:02:00,2002-05-29 11:33:00
1339,2002-05-29 12:22:00,2002-05-30 01:28:00
1340,2002-05-30 02:29:00,2002-05-30 15:58:00
1341,2002-05-30 16:46:00,2002-05-31 06:03:00
1342,2002-05-31 07:00:00,2002-05-31 20:17:00
1343,2002-05-31 21:14:00,2002-06-01 10:41:00
1344,2002-06-01 11:31:00,2002-06-02 00:38:00
1345,2002-06-02 01:39:00,2002-06-02 15:08:00
1346,2002-06-02 15:56:00,2002-06-03 05:11:00
1347,2002-06-03 06:10:00,2002-06-03 19:29:00
1348,2002-06-03 20:23:00,2002-06-04 09:50:00
1349,2002-06-04 10:39:00,2002-06-04 23:48:00
1350,2002-06-05 00:48:00,2002-06-05 14:22:00
1351,2002-06-05 15:06:00,2002-06-06 04:21:00
1352,2002-06-06 05:20:00,2002-06-06 18:41:00
1353,2002-06-06 19:33:00,2002-06-07 08:58:00
1354,2002-06-07 09:49:00,2002-06-07 22:58:00
1355,2002-06-07 23:58:00,2002-06-08 13:30:00
1356,2002-06-08 14:16:00,2002-06-09 03:29:00
1357,2002-06-09 04:26:00,2002-06-09 17:51:00
1358,2002-06-09 18:43:00,2002-06-10 08:07:00
1359,2002-06-10 08:59:00,2002-06-10 22:10:00
1360,2002-06-10 23:09:00,2002-06-11 12:40:00
1361,2002-06-11 13:26:00,2002-06-12 02:39:00
1362,2002-06-12 03:36:00,2002-06-12 17:03:00
1363,2002-06-12 17:54:00,2002-06-13 07:17:00
1364,2002-06-13 08:08:00,2002-06-13 21:21:00
1365,2002-06-13 22:19:00,2002-06-14 11:51:00
1366,2002-06-14 12:37:00,2002-06-15 01:46:00
1367,2002-06-15 02:47:00,2002-06-15 16:12:00
1368,2002-06-15 17:02:00,2002-06-16 06:24:00
1369,2002-06-16 07:16:00,2002-06-16 20:33:00
1370,2002-06-16 21:28:00,2002-06-16 21:42:00
1371,2002-06-17 23:57:00,2002-06-18 00:57:00
1372,2002-06-18 01:56:00,2002-06-18 15:25:00
1373,2002-06-18 16:13:00,2002-06-19 05:33:00
1374,2002-06-19 06:27:00,2002-06-19 19:42:00
1375,2002-06-19 20:39:00,2002-06-20 10:08:00
1376,2002-06-20 10:57:00,2002-06-21 00:06:00
1377,2002-06-21 01:05:00,2002-06-21 14:34:00
1378,2002-06-21 15:22:00,2002-06-22 04:19:00
1379,2002-06-22 09:34:00,2002-06-22 18:55:00
1380,2002-06-22 19:48:00,2002-06-23 09:19:00
1381,2002-06-23 10:04:00,2002-06-23 23:17:00
1382,2002-06-24 00:16:00,2002-06-24 13:47:00
1383,2002-06-24 14:34:00,2002-06-25 03:49:00
1384,2002-06-25 04:45:00,2002-06-25 18:05:00
1385,2002-06-25 18:59:00,2002-06-26 08:27:00
1386,2002-06-26 09:15:00,2002-06-26 19:16:00
1387,2002-06-27 02:29:00,2002-06-27 12:56:00
1388,2002-06-27 13:43:00,2002-06-28 02:58:00
1389,2002-06-28 03:55:00,2002-06-28 17:16:00
1390,2002-06-28 18:09:00,2002-06-29 07:36:00
1391,2002-06-29 08:25:00,2002-06-29 21:36:00
1392,2002-06-29 22:35:00,2002-06-30 12:06:00
1393,2002-06-30 12:52:00,2002-07-01 02:06:00
1394,2002-07-01 03:02:00,2002-07-01 16:28:00
1395,2002-07-01 17:18:00,2002-07-01 23:56:00
1405,2002-07-07 23:58:00,2002-07-08 05:01:00
1406,2002-07-08 05:54:00,2002-07-08 19:09:00
1407,2002-07-08 20:04:00,2002-07-09 09:39:00
1408,2002-07-09 10:24:00,2002-07-09 23:35:00
1409,2002-07-10 00:32:00,2002-07-10 14:01:00
1410,2002-07-10 14:50:00,2002-07-11 04:11:00
1411,2002-07-11 05:04:00,2002-07-11 18:21:00
1412,2002-07-11 19:14:00,2002-07-12 08:49:00
1413,2002-07-12 09:30:00,2002-07-12 22:45:00
1414,2002-07-12 23:42:00,2002-07-13 13:15:00
1415,2002-07-13 14:00:00,2002-07-14 03:19:00
1416,2002-07-14 04:10:00,2002-07-14 17:31:00
1417,2002-07-14 18:24:00,2002-07-15 07:57:00
1418,2002-07-15 08:42:00,2002-07-15 21:55:00
1419,2002-07-15 22:52:00,2002-07-16 12:25:00
1420,2002-07-16 13:10:00,2002-07-17 02:27:00
1421,2002-07-17 03:20:00,2002-07-17 16:43:00
1422,2002-07-17 17:34:00,2002-07-18 07:07:00
1423,2002-07-18 07:50:00,2002-07-18 21:05:00
1424,2002-07-18 22:00:00,2002-07-19 11:38:00
1425,2002-07-19 12:18:00,2002-07-20 01:35:00
1426,2002-07-20 02:28:00,2002-07-20 15:55:00
1427,2002-07-20 16:44:00,2002-07-21 06:12:00
1428,2002-07-21 07:00:00,2002-07-21 20:15:00
1429,2002-07-21 21:08:00,2002-07-21 21:24:00
1441,2002-07-29 00:00:00,2002-07-29 13:26:00
1442,2002-07-29 14:14:00,2002-07-30 03:38:00
1443,2002-07-30 04:28:00,2002-07-30 17:46:00
1444,2002-07-30 18:38:00,2002-07-31 08:12:00
1445,2002-07-31 08:56:00,2002-07-31 22:12:00
1446,2002-07-31 23:06:00,2002-08-01 12:38:00
1447,2002-08-01 13:24:00,2002-08-02 02:46:00
1448,2002-08-02 03:36:00,2002-08-02 16:58:00
1449,2002-08-02 17:48:00,2002-08-03 07:22:00
1450,2002-08-03 08:06:00,2002-08-03 21:22:00
1451,2002-08-03 22:16:00,2002-08-04 11:48:00
1452,2002-08-04 12:34:00,2002-08-05 01:56:00
1453,2002-08-05 02:46:00,2002-08-05 16:08:00
1454,2002-08-05 17:00:00,2002-08-06 06:32:00
1455,2002-08-06 07:16:00,2002-08-06 20:34:00
1456,2002-08-06 21:28:00,2002-08-07 11:00:00
1457,2002-08-07 11:44:00,2002-08-08 01:06:00
1458,2002-08-08 01:55:00,2002-08-08 15:22:00
1459,2002-08-08 16:09:00,2002-08-09 05:42:00
1460,2002-08-09 06:25:00,2002-08-09 19:43:00
1461,2002-08-09 20:37:00,2002-08-10 10:11:00
1462,2002-08-10 10:52:00,2002-08-11 00:13:00
1463,2002-08-11 01:04:00,2002-08-11 14:31:00
1464,2002-08-11 15:20:00,2002-08-12 04:51:00
1465,2002-08-12 05:34:00,2002-08-12 18:53:00
1466,2002-08-12 19:46:00,2002-08-13 09:21:00
1467,2002-08-13 10:02:00,2002-08-13 23:23:00
1468,2002-08-14 00:14:00,2002-08-14 13:43:00
1469,2002-08-14 14:30:00,2002-08-15 03:59:00
1470,2002-08-15 04:44:00,2002-08-15 18:02:00
1471,2002-08-15 18:57:00,2002-08-16 08:30:00
1472,2002-08-16 09:13:00,2002-08-16 22:30:00
1473,2002-08-16 23:25:00,2002-08-17 12:52:00
1474,2002-08-17 13:39:00,2002-08-18 03:06:00
1475,2002-08-18 03:53:00,2002-08-18 17:16:00
1476,2002-08-18 18:09:00,2002-08-19 07:42:00
1477,2002-08-19 08:21:00,2002-08-19 21:41:00
1478,2002-08-19 22:38:00,2002-08-20 12:05:00
1479,2002-08-20 12:52:00,2002-08-21 02:17:00
1480,2002-08-21 03:06:00,2002-08-21 16:25:00
1481,2002-08-21 17:19:00,2002-08-22 06:53:00
1482,2002-08-22 07:33:00,2002-08-22 20:50:00
1483,2002-08-22 21:47:00,2002-08-23 11:17:00
1484,2002-08-23 12:01:00,2002-08-24 01:24:00
1485,2002-08-24 02:19:00,2002-08-24 15:34:00
1486,2002-08-24 16:31:00,2002-08-25 06:02:00
1487,2002-08-25 06:42:00,2002-08-25 20:02:00
1488,2002-08-25 20:58:00,2002-08-26 10:30:00
1489,2002-08-26 11:12:00,2002-08-27 00:33:00
1490,2002-08-27 01:26:00,2002-08-27 14:47:00
1491,2002-08-27 15:42:00,2002-08-27 15:50:00
1500,2002-09-02 05:50:00,2002-09-02 13:09:00
1501,2002-09-02 13:59:00,2002-09-03 03:29:00
1502,2002-09-03 04:15:00,2002-09-03 17:30:00
1503,2002-09-03 18:29:00,2002-09-04 08:00:00
1504,2002-09-04 08:43:00,2002-09-04 22:00:00
1505,2002-09-04 22:56:00,2002-09-05 12:20:00
1506,2002-09-05 13:08:00,2002-09-06 02:40:00
1507,2002-09-06 03:22:00,2002-09-06 16:41:00
1508,2002-09-06 17:40:00,2002-09-07 07:11:00
1509,2002-09-07 07:53:00,2002-09-07 21:09:00
1510,2002-09-07 22:05:00,2002-09-08 11:30:00
1511,2002-09-08 12:19:00,2002-09-09 01:44:00
1512,2002-09-09 02:33:00,2002-09-09 15:52:00
1513,2002-09-09 16:48:00,2002-09-10 06:22:00
1514,2002-09-10 07:02:00,2002-09-10 20:19:00
1515,2002-09-10 21:16:00,2002-09-11 10:45:00
1516,2002-09-11 11:29:00,2002-09-12 00:57:00
1517,2002-09-12 01:43:00,2002-09-12 15:02:00
1518,2002-09-12 15:57:00,2002-09-13 05:30:00
1519,2002-09-13 06:10:00,2002-09-13 19:30:00
1520,2002-09-13 20:26:00,2002-09-14 09:56:00
1521,2002-09-14 10:38:00,2002-09-15 00:03:00
1522,2002-09-15 00:52:00,2002-09-15 14:13:00
1523,2002-09-15 15:07:00,2002-09-16 04:39:00
1524,2002-09-16 05:21:00,2002-09-16 18:38:00
1525,2002-09-16 19:37:00,2002-09-17 09:06:00
1526,2002-09-17 09:48:00,2002-09-17 23:12:00
1527,2002-09-18 00:00:00,2002-09-18 13:25:00
1528,2002-09-18 14:18:00,2002-09-19 03:49:00
1529,2002-09-19 04:31:00,2002-09-19 17:48:00
1530,2002-09-19 18:45:00,2002-09-20 08:16:00
1531,2002-09-20 08:59:00,2002-09-20 22:20:00
1532,2002-09-20 23:10:00,2002-09-21 12:35:00
1533,2002-09-21 13:24:00,2002-09-22 02:59:00
1534,2002-09-22 03:39:00,2002-09-22 16:59:00
1535,2002-09-22 17:55:00,2002-09-23 07:27:00
1536,2002-09-23 08:09:00,2002-09-23 21:28:00
1537,2002-09-23 22:20:00,2002-09-24 11:50:00
1538,2002-09-24 12:34:00,2002-09-25 02:07:00
1539,2002-09-25 02:50:00,2002-09-25 16:09:00
1540,2002-09-25 17:05:00,2002-09-26 06:37:00
1541,2002-09-26 07:19:00,2002-09-26 20:38:00
1542,2002-09-26 21:34:00,2002-09-27 10:56:00
1543,2002-09-27 11:44:00,2002-09-28 01:17:00
1544,2002-09-28 02:00:00,2002-09-28 15:19:00
1545,2002-09-28 16:13:00,2002-09-29 05:47:00
1546,2002-09-29 06:29:00,2002-09-29 19:46:00
1547,2002-09-29 20:42:00,2002-09-30 10:10:00
1548,2002-09-30 10:54:00,2002-10-01 00:25:00
1549,2002-10-01 01:08:00,2002-10-01 14:29:00
1550,2002-10-01 15:23:00,2002-10-02 04:57:00
1551,2002-10-02 05:39:00,2002-10-02 18:56:00
1552,2002-10-02 19:48:00,2002-10-03 09:20:00
1553,2002-10-03 10:04:00,2002-10-03 23:33:00
1554,2002-10-04 00:18:00,2002-10-04 13:41:00
1555,2002-10-04 14:33:00,2002-10-05 04:06:00
1556,2002-10-05 04:49:00,2002-10-05 18:06:00
1557,2002-10-05 19:02:00,2002-10-06 08:32:00
1558,2002-10-06 09:14:00,2002-10-06 22:39:00
1559,2002-10-06 23:27:00,2002-10-07 12:51:00
1560,2002-10-07 13:41:00,2002-10-08 03:16:00
1561,2002-10-08 03:59:00,2002-10-08 17:16:00
1562,2002-10-08 18:12:00,2002-10-09 07:42:00
1563,2002-10-09 08:24:00,2002-10-09 21:49:00
1564,2002-10-09 22:35:00,2002-10-10 12:03:00
1565,2002-10-10 12:49:00,2002-10-11 02:27:00
1566,2002-10-11 03:07:00,2002-10-11 16:26:00
1567,2002-10-11 17:20:00,2002-10-12 06:54:00
1568,2002-10-12 07:34:00,2002-10-12 21:01:00
1569,2002-10-12 21:46:00,2002-10-13 11:15:00
1570,2002-10-13 11:59:00,2002-10-14 01:37:00
1571,2002-10-14 02:17:00,2002-10-14 15:40:00
1572,2002-10-14 23:27:00,2002-10-15 06:04:00
1573,2002-10-15 06:44:00,2002-10-15 20:10:00
1574,2002-10-16 05:22:00,2002-10-16 10:26:00
1575,2002-10-16 16:07:00,2002-10-17 00:43:00
1576,2002-10-17 01:25:00,2002-10-17 14:51:00
1577,2002-10-17 22:09:00,2002-10-18 05:11:00
1578,2002-10-18 05:53:00,2002-10-18 19:21:00
1579,2002-10-19 04:41:00,2002-10-19 09:38:00
1580,2002-10-19 15:17:00,2002-10-19 23:52:00
1581,2002-10-20 00:36:00,2002-10-20 14:00:00
1582,2002-10-20 20:34:00,2002-10-21 04:20:00
1583,2002-10-21 05:04:00,2002-10-21 18:28:00
1584,2002-10-22 03:58:00,2002-10-22 08:48:00
1585,2002-10-22 09:30:00,2002-10-22 23:01:00
1586,2002-10-22 23:45:00,2002-10-23 13:11:00
1587,2002-10-23 19:42:00,2002-10-24 03:31:00
1588,2002-10-24 04:13:00,2002-10-24 17:39:00
1589,2002-10-25 03:14:00,2002-10-25 08:01:00
1590,2002-10-25 08:39:00,2002-10-25 22:13:00
1591,2002-10-25 22:53:00,2002-10-26 12:23:00
1592,2002-10-26 18:37:00,2002-10-27 02:41:00
1593,2002-10-27 03:23:00,2002-10-27 16:49:00
1594,2002-10-28 02:09:00,2002-10-28 07:03:00
1595,2002-10-28 07:51:00,2002-10-28 21:13:00
1596,2002-10-28 22:05:00,2002-10-29 11:23:00
1597,2002-10-29 17:39:00,2002-10-30 01:49:00
1598,2002-10-30 02:33:00,2002-10-30 15:47:00
1599,2002-10-31 01:32:00,2002-10-31 06:15:00
1600,2002-10-31 06:59:00,2002-10-31 20:21:00
1601,2002-10-31 21:13:00,2002-11-01 10:31:00
1602,2002-11-01 16:41:00,2002-11-02 00:56:00
1603,2002-11-02 01:44:00,2002-11-02 14:56:00
1604,2002-11-03 00:29:00,2002-11-03 05:24:00
1605,2002-11-03 06:10:00,2002-11-03 19:28:00
1606,2002-11-03 20:22:00,2002-11-04 09:44:00
1607,2002-11-04 15:50:00,2002-11-05 00:07:00
1608,2002-11-05 00:53:00,2002-11-05 14:09:00
1609,2002-11-05 23:11:00,2002-11-06 04:35:00
1610,2002-11-06 05:20:00,2002-11-06 18:38:00
1611,2002-11-06 19:32:00,2002-11-07 08:56:00
1612,2002-11-07 09:46:00,2002-11-07 23:14:00
1613,2002-11-08 00:03:00,2002-11-08 13:19:00
1614,2002-11-08 21:46:00,2002-11-09 03:45:00
1615,2002-11-09 04:29:00,2002-11-09 17:45:00
1616,2002-11-09 18:42:00,2002-11-10 08:06:00
1617,2002-11-10 08:56:00,2002-11-10 22:25:00
1618,2002-11-10 23:11:00,2002-11-11 12:29:00
1619,2002-11-11 20:18:00,2002-11-12 02:56:00
1620,2002-11-12 03:40:00,2002-11-12 16:56:00
1621,2002-11-12 17:50:00,2002-11-13 07:19:00
1622,2002-11-13 08:07:00,2002-11-13 21:33:00
1623,2002-11-13 22:21:00,2002-11-14 11:38:00
1624,2002-11-14 18:58:00,2002-11-15 02:07:00
1625,2002-11-15 02:51:00,2002-11-15 16:07:00
1626,2002-11-15 16:59:00,2002-11-16 06:30:00
1627,2002-11-16 07:16:00,2002-11-16 20:40:00
1628,2002-11-16 21:33:00,2002-11-17 10:51:00
1629,2002-11-17 17:27:00,2002-11-18 01:16:00
1630,2002-11-18 02:00:00,2002-11-18 15:16:00
1632,2002-11-19 12:00:00,2002-11-19 19:50:00
1633,2002-11-19 20:40:00,2002-11-20 10:01:00
1634,2002-11-20 16:42:00,2002-11-21 00:26:00
1635,2002-11-21 01:10:00,2002-11-21 14:26:00
1636,2002-11-22 01:12:00,2002-11-22 04:51:00
1637,2002-11-22 05:38:00,2002-11-22 18:58:00
1638,2002-11-22 19:50:00,2002-11-23 09:13:00
1639,2002-11-23 10:01:00,2002-11-23 23:34:00
1640,2002-11-24 00:20:00,2002-11-24 13:37:00
1641,2002-11-24 14:27:00,2002-11-25 04:02:00
1642,2002-11-25 04:48:00,2002-11-25 18:09:00
1643,2002-11-25 18:59:00,2002-11-26 08:22:00
1644,2002-11-26 09:12:00,2002-11-26 22:45:00
1645,2002-11-26 23:29:00,2002-11-27 12:46:00
1646,2002-11-27 13:38:00,2002-11-28 03:13:00
1647,2002-11-28 03:57:00,2002-11-28 17:16:00
1648,2002-11-28 18:08:00,2002-11-29 07:35:00
1649,2002-11-29 08:21:00,2002-11-29 21:52:00
1650,2002-11-29 22:38:00,2002-11-30 11:57:00
1651,2002-11-30 12:47:00,2002-12-01 02:25:00
1652,2002-12-01 03:05:00,2002-12-01 16:25:00
1653,2002-12-01 17:18:00,2002-12-02 06:43:00
1654,2002-12-02 07:33:00,2002-12-02 21:02:00
1655,2002-12-02 21:48:00,2002-12-03 11:07:00
1656,2002-12-03 11:57:00,2002-12-04 01:35:00
1657,2002-12-04 02:17:00,2002-12-04 15:34:00
1658,2002-12-04 16:28:00,2002-12-05 05:57:00
1659,2002-12-05 06:41:00,2002-12-05 20:10:00
1660,2002-12-05 20:59:00,2002-12-06 10:15:00
1661,2002-12-06 11:08:00,2002-12-07 00:45:00
1662,2002-12-07 01:25:00,2002-12-07 14:44:00
1663,2002-12-07 15:37:00,2002-12-08 05:06:00
1664,2002-12-08 05:54:00,2002-12-08 19:17:00
1665,2002-12-08 20:07:00,2002-12-09 09:37:00
1666,2002-12-09 10:19:00,2002-12-09 23:56:00
1672,2002-12-13 00:00:00,2002-12-13 13:13:00
1673,2002-12-13 13:55:00,2002-12-14 03:34:00
1674,2002-12-14 04:15:00,2002-12-14 17:44:00
1675,2002-12-14 18:26:00,2002-12-14 18:49:00
1678,2002-12-16 23:58:00,2002-12-17 02:46:00
1679,2002-12-17 03:25:00,2002-12-17 16:54:00
1680,2002-12-17 17:36:00,2002-12-18 07:07:00
1681,2002-12-18 07:48:00,2002-12-18 21:27:00
1682,2002-12-18 22:05:00,2002-12-19 11:33:00
1683,2002-12-19 12:13:00,2002-12-20 01:57:00
1684,2002-12-20 02:33:00,2002-12-20 16:00:00
1685,2002-12-20 16:42:00,2002-12-21 06:18:00
1686,2002-12-21 06:58:00,2002-12-21 20:36:00
1687,2002-12-21 21:14:00,2002-12-22 10:41:00
1688,2002-12-22 11:24:00,2002-12-23 01:03:00
1689,2002-12-23 01:41:00,2002-12-23 15:13:00
1690,2002-12-23 15:53:00,2002-12-24 05:31:00
1691,2002-12-24 06:07:00,2002-12-24 19:47:00
1692,2002-12-24 20:23:00,2002-12-25 09:50:00
1693,2002-12-25 10:33:00,2002-12-26 00:16:00
1694,2002-12-26 00:53:00,2002-12-26 14:22:00
1695,2002-12-26 15:05:00,2002-12-27 04:40:00
1696,2002-12-27 05:21:00,2002-12-27 18:52:00
1697,2002-12-27 19:34:00,2002-12-28 09:02:00
1698,2002-12-28 09:44:00,2002-12-28 23:26:00
1699,2002-12-29 00:02:00,2002-12-29 13:32:00
1700,2002-12-29 14:14:00,2002-12-30 03:50:00
1701,2002-12-30 04:30:00,2002-12-30 18:04:00
1702,2002-12-30 18:44:00,2002-12-31 08:14:00
1703,2002-12-31 08:54:00,2002-12-31 22:36:00
1704,2002-12-31 23:12:00,2003-01-01 12:38:00
1705,2003-01-01 13:22:00,2003-01-02 03:02:00
1706,2003-01-02 03:40:00,2003-01-02 17:12:00
1707,2003-01-02 17:54:00,2003-01-03 07:24:00
1708,2003-01-03 08:04:00,2003-01-03 21:46:00
1709,2003-01-03 22:19:00,2003-01-04 11:50:00
1710,2003-01-04 12:31:00,2003-01-05 02:13:00
1711,2003-01-05 02:49:00,2003-01-05 16:23:00
1712,2003-01-05 17:01:00,2003-01-06 06:35:00
1713,2003-01-06 07:13:00,2003-01-06 20:53:00
1714,2003-01-06 21:31:00,2003-01-07 11:01:00
1715,2003-01-07 11:41:00,2003-01-08 01:21:00
1716,2003-01-08 02:00:00,2003-01-08 15:30:00
1717,2003-01-08 16:12:00,2003-01-09 06:01:00
1718,2003-01-09 06:41:00,2003-01-09 20:21:00
1719,2003-01-09 20:57:00,2003-01-10 10:27:00
1720,2003-01-10 11:09:00,2003-01-11 00:50:00
1721,2003-01-11 01:26:00,2003-01-11 14:58:00
1722,2003-01-11 15:38:00,2003-01-12 05:12:00
1723,2003-01-12 05:52:00,2003-01-12 19:31:00
1724,2003-01-12 20:07:00,2003-01-13 09:37:00
1725,2003-01-13 10:14:00,2003-01-14 00:00:00
1726,2003-01-14 00:35:00,2003-01-14 14:08:00
1727,2003-01-14 14:48:00,2003-01-15 04:22:00
1728,2003-01-15 05:02:00,2003-01-15 18:38:00
1729,2003-01-15 19:17:00,2003-01-16 08:47:00
1730,2003-01-16 09:27:00,2003-01-16 23:09:00
1731,2003-01-16 23:46:00,2003-01-17 13:16:00
1732,2003-01-17 13:56:00,2003-01-18 03:34:00
1733,2003-01-18 04:12:00,2003-01-18 09:27:00
1734,2003-01-19 00:18:00,2003-01-19 07:57:00
1735,2003-01-19 08:37:00,2003-01-19 22:18:00
1736,2003-01-19 22:54:00,2003-01-20 12:24:00
1737,2003-01-20 13:06:00,2003-01-21 02:45:00
1738,2003-01-21 03:23:00,2003-01-21 16:57:00
1739,2003-01-21 17:37:00,2003-01-22 07:08:00
1740,2003-01-22 07:48:00,2003-01-22 21:30:00
1741,2003-01-22 22:04:00,2003-01-23 11:37:00
1742,2003-01-23 12:15:00,2003-01-24 01:55:00
1743,2003-01-24 02:34:00,2003-01-24 16:08:00
1744,2003-01-24 16:48:00,2003-01-25 06:20:00
1745,2003-01-25 06:59:00,2003-01-25 20:39:00
1746,2003-01-25 21:15:00,2003-01-26 10:46:00
1747,2003-01-26 11:26:00,2003-01-27 01:06:00
1748,2003-01-27 01:44:00,2003-01-27 15:19:00
1749,2003-01-27 15:57:00,2003-01-28 05:29:00
1750,2003-01-28 06:10:00,2003-01-28 19:50:00
1751,2003-01-28 20:26:00,2003-01-29 09:57:00
1752,2003-01-29 10:35:00,2003-01-30 00:15:00
1753,2003-01-30 00:53:00,2003-01-30 14:26:00
1754,2003-01-30 15:06:00,2003-01-31 04:40:00
1755,2003-01-31 05:21:00,2003-01-31 18:59:00
1756,2003-01-31 19:35:00,2003-02-01 08:47:00
1757,2003-02-01 09:28:00,2003-02-01 23:10:00
1758,2003-02-01 23:44:00,2003-02-02 13:18:00
1759,2003-02-02 13:57:00,2003-02-03 03:33:00
1760,2003-02-03 04:11:00,2003-02-03 17:50:00
1761,2003-02-03 18:26:00,2003-02-04 07:58:00
1762,2003-02-04 08:38:00,2003-02-04 22:21:00
1763,2003-02-04 22:55:00,2003-02-05 12:25:00
1764,2003-02-05 13:08:00,2003-02-06 02:44:00
1765,2003-02-06 03:22:00,2003-02-06 17:01:00
1766,2003-02-06 17:37:00,2003-02-07 07:05:00
1767,2003-02-07 07:47:00,2003-02-07 21:30:00
1768,2003-02-07 22:04:00,2003-02-08 11:36:00
1769,2003-02-08 12:17:00,2003-02-09 01:55:00
1770,2003-02-09 02:31:00,2003-02-09 16:08:00
1771,2003-02-09 16:46:00,2003-02-10 06:16:00
1772,2003-02-10 06:58:00,2003-02-10 20:41:00
1773,2003-02-10 21:15:00,2003-02-11 10:45:00
1774,2003-02-11 11:25:00,2003-02-12 01:04:00
1775,2003-02-12 01:42:00,2003-02-12 15:18:00
1776,2003-02-12 15:55:00,2003-02-13 05:27:00
1777,2003-02-13 06:07:00,2003-02-13 19:50:00
1778,2003-02-13 20:24:00,2003-02-14 09:56:00
1779,2003-02-14 10:36:00,2003-02-15 00:09:00
1786,2003-02-19 00:39:00,2003-02-19 03:46:00
1787,2003-02-19 04:29:00,2003-02-19 18:09:00
1788,2003-02-19 18:43:00,2003-02-20 08:13:00
1789,2003-02-20 08:53:00,2003-02-20 22:34:00
1790,2003-02-20 23:12:00,2003-02-21 12:44:00
1791,2003-02-21 13:25:00,2003-02-22 03:01:00
1792,2003-02-22 03:37:00,2003-02-22 17:15:00
1793,2003-02-22 17:53:00,2003-02-23 07:22:00
1794,2003-02-23 08:04:00,2003-02-23 21:44:00
1795,2003-02-23 22:22:00,2003-02-24 12:21:00
1796,2003-02-24 12:23:00,2003-02-25 02:09:00
1797,2003-02-25 02:47:00,2003-02-25 16:29:00
1798,2003-02-25 17:04:00,2003-02-26 06:34:00
1799,2003-02-26 07:14:00,2003-02-26 21:16:00
1800,2003-02-26 21:18:00,2003-02-27 11:05:00
1801,2003-02-27 11:45:00,2003-02-28 01:21:00
1802,2003-02-28 01:57:00,2003-02-28 15:35:00
1803,2003-02-28 16:14:00,2003-03-01 06:12:00
1804,2003-03-01 06:14:00,2003-03-01 20:06:00
1805,2003-03-01 20:42:00,2003-03-02 10:12:00
1806,2003-03-02 10:55:00,2003-03-03 00:31:00
1807,2003-03-03 01:09:00,2003-03-03 15:09:00
1808,2003-03-03 15:11:00,2003-03-04 04:55:00
1809,2003-03-04 05:33:00,2003-03-04 19:16:00
1810,2003-03-04 19:52:00,2003-03-05 09:22:00
1811,2003-03-05 10:04:00,2003-03-06 00:04:00
1812,2003-03-06 00:06:00,2003-03-06 13:56:00
1813,2003-03-06 14:31:00,2003-03-07 04:06:00
1814,2003-03-07 04:43:00,2003-03-07 18:27:00
1815,2003-03-07 19:01:00,2003-03-08 08:59:00
1816,2003-03-08 09:01:00,2003-03-08 22:51:00
1817,2003-03-08 23:27:00,2003-03-09 13:03:00
1818,2003-03-09 13:41:00,2003-03-10 03:17:00
1819,2003-03-10 03:54:00,2003-03-10 17:34:00
1820,2003-03-10 18:12:00,2003-03-11 07:40:00
1821,2003-03-11 08:22:00,2003-03-11 22:04:00
1822,2003-03-11 22:38:00,2003-03-12 12:14:00
1823,2003-03-12 12:52:00,2003-03-13 02:26:00
1824,2003-03-13 03:04:00,2003-03-13 16:46:00
1825,2003-03-13 17:22:00,2003-03-14 06:50:00
1826,2003-03-14 07:32:00,2003-03-14 21:14:00
1827,2003-03-14 21:48:00,2003-03-15 11:24:00
1828,2003-03-15 12:02:00,2003-03-16 01:36:00
1829,2003-03-16 02:16:00,2003-03-16 15:56:00
1830,2003-03-16 16:34:00,2003-03-17 06:02:00
1831,2003-03-17 06:42:00,2003-03-17 20:42:00
1832,2003-03-17 20:44:00,2003-03-18 10:32:00
1833,2003-03-18 11:12:00,2003-03-19 00:47:00
1834,2003-03-19 01:26:00,2003-03-19 15:05:00
1835,2003-03-19 15:40:00,2003-03-20 05:39:00
1836,2003-03-20 05:41:00,2003-03-20 19:35:00
1837,2003-03-20 20:07:00,2003-03-21 09:43:00
1838,2003-03-21 10:21:00,2003-03-21 23:59:00
1839,2003-03-22 00:35:00,2003-03-22 14:35:00
1840,2003-03-22 14:37:00,2003-03-23 04:22:00
1841,2003-03-23 05:03:00,2003-03-23 18:44:00
1842,2003-03-23 19:18:00,2003-03-24 08:52:00
1843,2003-03-24 09:30:00,2003-03-24 23:30:00
1844,2003-03-24 23:32:00,2003-03-25 13:25:00
1845,2003-03-25 14:00:00,2003-03-26 03:35:00
1846,2003-03-26 04:11:00,2003-03-26 17:55:00
1847,2003-03-26 18:27:00,2003-03-27 08:27:00
1848,2003-03-27 08:29:00,2003-03-27 22:20:00
1849,2003-03-27 22:56:00,2003-03-28 12:34:00
1850,2003-03-28 13:10:00,2003-03-29 02:43:00
1851,2003-03-29 03:22:00,2003-03-29 17:23:00
1852,2003-03-29 17:25:00,2003-03-30 07:11:00
1853,2003-03-30 07:49:00,2003-03-30 18:11:00
1885,2003-04-18 19:04:00,2003-04-18 20:59:00
1886,2003-04-18 21:31:00,2003-04-19 11:13:00
1887,2003-04-19 11:45:00,2003-04-20 01:23:00
1888,2003-04-20 01:57:00,2003-04-20 15:43:00
1889,2003-04-20 16:20:00,2003-04-20 23:55:00
1903,2003-04-28 23:57:00,2003-04-29 13:10:00
1904,2003-04-29 13:47:00,2003-04-30 03:18:00
1905,2003-04-30 03:57:00,2003-04-30 17:37:00
1906,2003-04-30 18:13:00,2003-05-01 07:49:00
1907,2003-05-01 08:25:00,2003-05-01 22:03:00
1908,2003-05-01 22:39:00,2003-05-02 12:21:00
1909,2003-05-02 12:55:00,2003-05-03 02:29:00
1910,2003-05-03 03:05:00,2003-05-03 16:51:00
1911,2003-05-03 17:24:00,2003-05-04 06:58:00
1912,2003-05-04 07:36:00,2003-05-04 21:14:00
1913,2003-05-04 21:50:00,2003-05-05 11:30:00
1914,2003-05-05 12:04:00,2003-05-06 01:38:00
1915,2003-05-06 02:17:00,2003-05-06 16:01:00
1916,2003-05-06 16:35:00,2003-05-07 06:09:00
1917,2003-05-07 06:45:00,2003-05-07 20:25:00
1918,2003-05-07 20:59:00,2003-05-08 10:40:00
1919,2003-05-08 11:14:00,2003-05-09 00:48:00
1920,2003-05-09 01:26:00,2003-05-09 15:10:00
1921,2003-05-09 15:45:00,2003-05-10 05:17:00
1922,2003-05-10 05:55:00,2003-05-10 19:35:00
1923,2003-05-10 20:09:00,2003-05-11 09:50:00
1924,2003-05-11 10:29:00,2003-05-11 23:58:00
1925,2003-05-12 00:36:00,2003-05-12 14:20:00
1926,2003-05-12 14:55:00,2003-05-12 23:56:00
1928,2003-05-13 23:57:00,2003-05-14 08:58:00
1929,2003-05-14 09:34:00,2003-05-14 23:10:00
1930,2003-05-14 23:47:00,2003-05-15 13:31:00
